bo_id,2019,2020,2026,2030,2040
815,53.2000007629395,52.7000007629395,53.5,54.4000015258789,55.0
820,53.7999992370605,53.2999992370605,54.0,54.5999984741211,55.5
821,65.3000030517578,65.1999969482422,65.4000015258789,66.5,67.4000015258789
823,62.5,62.0,62.7000007629395,63.2999992370605,64.1999969482422
825,68.5,67.8000030517578,68.5999984741211,69.1999969482422,70.0999984741211
827,67.5,66.8000030517578,67.5999984741211,68.1999969482422,69.1999969482422
829,68.1999969482422,67.5,68.3000030517578,69.0,69.9000015258789
830,66.1999969482422,65.5999984741211,66.1999969482422,66.9000015258789,67.8000030517578
850,50.5,49.9000015258789,50.7000007629395,51.5999984741211,52.2000007629395
867,64.8000030517578,64.0999984741211,64.9000015258789,65.1999969482422,66.0
868,64.3000030517578,63.4000015258789,64.1999969482422,64.5,65.0999984741211
869,65.0999984741211,64.0999984741211,65.0,65.1999969482422,65.6999969482422
871,64.6999969482422,63.7000007629395,64.3000030517578,64.8000030517578,65.5
873,64.8000030517578,64.0999984741211,64.9000015258789,65.1999969482422,66.0
874,64.8000030517578,64.0999984741211,64.9000015258789,65.1999969482422,66.0
875,64.8000030517578,64.0999984741211,64.9000015258789,65.1999969482422,66.0
886,59.7999992370605,59.0999984741211,59.9000015258789,60.5,61.4000015258789
941,68.1999969482422,66.6999969482422,68.5999984741211,69.1999969482422,70.1999969482422
955,63.7999992370605,62.5999984741211,64.0,64.4000015258789,65.0999984741211
1204,59.7000007629395,58.7999992370605,59.7000007629395,60.2000007629395,60.7000007629395
1235,61.7999992370605,61.0,61.9000015258789,62.2999992370605,62.7999992370605
1236,61.2000007629395,60.4000015258789,61.2999992370605,61.7000007629395,62.2000007629395
1237,62.2999992370605,61.5,62.2999992370605,62.7999992370605,63.2999992370605
1254,59.0,57.2999992370605,59.2999992370605,60.2999992370605,60.9000015258789
1297,67.0999984741211,63.2999992370605,64.4000015258789,65.1999969482422,65.6999969482422
1481,72.4000015258789,71.4000015258789,72.3000030517578,72.9000015258789,73.3000030517578
1482,64.1999969482422,63.2999992370605,63.9000015258789,64.4000015258789,64.9000015258789
1536,67.1999969482422,65.9000015258789,67.0999984741211,67.6999969482422,68.3000030517578
1797,61.5999984741211,61.2999992370605,61.4000015258789,62.0999984741211,62.7999992370605
1800,62.5999984741211,51.9000015258789,60.0999984741211,61.2999992370605,62.0
1803,58.5,59.0,61.7000007629395,60.9000015258789,61.0
1809,56.7000007629395,57.0,60.2000007629395,59.7999992370605,59.9000015258789
1819,65.9000015258789,65.4000015258789,67.0999984741211,67.0,67.4000015258789
1820,65.9000015258789,65.4000015258789,67.0999984741211,67.0,67.4000015258789
1821,70.1999969482422,69.6999969482422,71.3000030517578,71.3000030517578,71.5999984741211
1838,60.7999992370605,59.0,59.9000015258789,60.7999992370605,61.5
1895,59.0,58.5,57.7999992370605,58.4000015258789,59.0
1896,60.4000015258789,59.7999992370605,58.5999984741211,59.5999984741211,60.0
1897,62.5,62.2000007629395,61.4000015258789,61.5,62.0999984741211
1898,61.7000007629395,61.2000007629395,60.0999984741211,61.2000007629395,61.7000007629395
1930,59.4000015258789,59.0,59.5999984741211,60.0999984741211,60.7000007629395
1931,59.4000015258789,59.0,59.5999984741211,60.0999984741211,60.7000007629395
1932,58.2000007629395,57.7000007629395,58.2000007629395,58.7999992370605,59.4000015258789
2011,58.7000007629395,57.9000015258789,58.7999992370605,59.2000007629395,59.2999992370605
2012,57.4000015258789,56.7000007629395,57.5999984741211,58.0,58.2000007629395
2017,67.0,66.1999969482422,67.1999969482422,67.5,67.6999969482422
2018,55.2000007629395,54.5,55.4000015258789,55.7000007629395,55.7999992370605
2040,65.3000030517578,64.1999969482422,65.4000015258789,66.0,66.5999984741211
2057,62.4000015258789,61.5999984741211,62.2000007629395,63.0,63.5
2061,56.2000007629395,55.2999992370605,56.2000007629395,57.0,57.7999992370605
2104,67.5999984741211,66.4000015258789,66.8000030517578,67.6999969482422,68.3000030517578
2105,67.5999984741211,66.4000015258789,66.8000030517578,67.6999969482422,68.3000030517578
3602,65.5999984741211,64.8000030517578,65.6999969482422,65.8000030517578,66.4000015258789
3614,69.1999969482422,68.1999969482422,69.1999969482422,69.5999984741211,70.1999969482422
3615,69.1999969482422,68.1999969482422,69.1999969482422,69.5999984741211,70.1999969482422
3616,69.8000030517578,68.6999969482422,69.6999969482422,70.0,70.5999984741211
3617,59.0999984741211,58.0,59.0999984741211,59.4000015258789,60.0
3619,68.9000015258789,67.8000030517578,68.8000030517578,69.0,69.5999984741211
3620,67.4000015258789,66.3000030517578,67.1999969482422,67.5,68.0999984741211
3622,64.9000015258789,63.7000007629395,65.0,65.5,66.0999984741211
3623,67.1999969482422,66.0,67.3000030517578,67.8000030517578,68.4000015258789
3624,67.5,66.3000030517578,67.5999984741211,68.0999984741211,68.6999969482422
3625,68.0999984741211,66.9000015258789,68.1999969482422,68.8000030517578,69.3000030517578
3626,69.9000015258789,68.8000030517578,70.0,70.5999984741211,71.1999969482422
3627,68.0,66.8000030517578,68.0999984741211,68.6999969482422,69.3000030517578
3628,70.5999984741211,69.5,70.8000030517578,71.4000015258789,72.0
3630,69.5,68.4000015258789,69.5,69.8000030517578,70.4000015258789
3632,68.1999969482422,67.1999969482422,68.3000030517578,68.5,69.1999969482422
3664,71.0999984741211,70.3000030517578,71.3000030517578,71.6999969482422,72.4000015258789
3665,70.9000015258789,70.3000030517578,71.3000030517578,71.8000030517578,72.4000015258789
3666,57.5999984741211,56.5999984741211,57.9000015258789,57.7999992370605,58.5
3668,68.4000015258789,67.5,68.5999984741211,68.9000015258789,69.5999984741211
3669,68.3000030517578,67.3000030517578,68.4000015258789,68.6999969482422,69.4000015258789
3670,68.6999969482422,67.6999969482422,68.8000030517578,69.0999984741211,69.8000030517578
3671,68.5999984741211,67.5,68.6999969482422,68.9000015258789,69.5999984741211
3672,69.0,68.0999984741211,69.0999984741211,69.5,70.1999969482422
3673,67.8000030517578,66.8000030517578,67.9000015258789,68.1999969482422,68.9000015258789
3674,67.9000015258789,66.9000015258789,68.0,68.3000030517578,69.0
3675,68.5999984741211,67.5999984741211,68.6999969482422,69.0,69.6999969482422
3676,68.8000030517578,67.9000015258789,68.9000015258789,69.3000030517578,70.0
3677,69.8000030517578,68.8000030517578,69.9000015258789,70.0999984741211,70.8000030517578
3678,70.0999984741211,69.1999969482422,70.0999984741211,70.4000015258789,71.0999984741211
3679,62.5999984741211,61.7000007629395,62.7000007629395,63.0,63.7000007629395
3680,61.7999992370605,60.9000015258789,61.7999992370605,62.2000007629395,62.9000015258789
3684,65.6999969482422,64.8000030517578,65.8000030517578,66.1999969482422,66.9000015258789
3928,67.6999969482422,66.5,67.6999969482422,67.9000015258789,68.6999969482422
3929,67.5999984741211,66.4000015258789,67.4000015258789,67.6999969482422,68.4000015258789
3932,68.0999984741211,66.9000015258789,68.0,68.3000030517578,69.0
3933,69.8000030517578,68.5999984741211,69.5999984741211,69.9000015258789,70.5999984741211
3934,68.5999984741211,67.4000015258789,68.4000015258789,68.6999969482422,69.4000015258789
3935,68.5999984741211,67.4000015258789,68.4000015258789,68.6999969482422,69.4000015258789
3938,59.7000007629395,59.0,59.9000015258789,59.7999992370605,60.2000007629395
3939,61.5,60.7999992370605,61.7000007629395,61.4000015258789,61.9000015258789
3941,56.5999984741211,55.9000015258789,56.7000007629395,56.5,56.9000015258789
3942,54.0,53.2999992370605,54.0999984741211,54.0999984741211,54.5
3943,55.7999992370605,55.2000007629395,55.9000015258789,56.0,56.5
3946,69.0999984741211,68.0,69.0,69.3000030517578,70.0
3947,69.0999984741211,68.0,69.0,69.3000030517578,70.0
3952,64.3000030517578,63.7000007629395,64.4000015258789,64.4000015258789,64.8000030517578
3953,64.0999984741211,63.4000015258789,64.1999969482422,64.4000015258789,65.0
3954,64.3000030517578,63.7000007629395,64.4000015258789,64.4000015258789,64.8000030517578
3956,67.0999984741211,66.3000030517578,67.0999984741211,67.5,68.1999969482422
3957,69.8000030517578,68.6999969482422,69.5999984741211,69.9000015258789,70.5999984741211
3961,65.5,64.5999984741211,65.4000015258789,65.5999984741211,66.0999984741211
3962,69.0999984741211,67.9000015258789,68.9000015258789,69.3000030517578,70.0
3963,68.1999969482422,67.0999984741211,68.0,68.4000015258789,69.0999984741211
3964,69.3000030517578,68.0999984741211,69.0999984741211,69.4000015258789,70.1999969482422
3965,69.1999969482422,68.0999984741211,69.0,69.4000015258789,70.0999984741211
3966,69.1999969482422,68.0999984741211,69.0,69.3000030517578,70.0999984741211
3967,68.9000015258789,67.8000030517578,68.8000030517578,69.0999984741211,69.9000015258789
3968,64.3000030517578,63.0999984741211,64.1999969482422,64.5999984741211,65.3000030517578
3970,57.0999984741211,56.2999992370605,57.0,57.2999992370605,57.7000007629395
3971,66.0,65.1999969482422,65.9000015258789,66.0,66.4000015258789
3976,55.0999984741211,54.2999992370605,55.0,55.2000007629395,55.7000007629395
3999,63.2999992370605,62.7000007629395,63.5,63.9000015258789,64.5999984741211
4000,62.4000015258789,61.7999992370605,62.7000007629395,63.0999984741211,63.7999992370605
4004,66.0,59.7000007629395,61.5,62.2999992370605,62.5999984741211
4005,66.0,59.7000007629395,61.5,62.2999992370605,62.5999984741211
4006,66.8000030517578,60.0,61.7999992370605,62.7999992370605,63.0999984741211
4007,66.3000030517578,59.7999992370605,61.5999984741211,62.5999984741211,62.9000015258789
4008,60.0,54.0,55.4000015258789,55.4000015258789,55.7999992370605
4009,58.0,52.0999984741211,53.4000015258789,53.4000015258789,53.7999992370605
4010,60.4000015258789,55.0999984741211,56.4000015258789,56.2999992370605,56.7999992370605
4011,58.2000007629395,52.5999984741211,54.0,53.9000015258789,54.2999992370605
4013,64.3000030517578,63.4000015258789,64.4000015258789,64.9000015258789,65.5999984741211
4014,64.1999969482422,63.2999992370605,64.3000030517578,64.8000030517578,65.5
4015,62.5999984741211,62.5,63.4000015258789,64.0,64.5
4016,62.5999984741211,62.5,63.4000015258789,64.0,64.5
4017,60.2999992370605,59.5999984741211,61.0,61.5,62.0
4019,66.6999969482422,64.9000015258789,66.0999984741211,66.1999969482422,66.6999969482422
4020,67.4000015258789,63.7000007629395,64.9000015258789,64.9000015258789,65.4000015258789
4021,61.5,60.7999992370605,61.0999984741211,62.4000015258789,62.9000015258789
4022,54.7999992370605,54.0999984741211,55.0999984741211,55.7000007629395,56.2000007629395
4023,53.2000007629395,52.5,53.5,54.0999984741211,54.5999984741211
4024,66.0999984741211,65.1999969482422,66.3000030517578,66.6999969482422,67.3000030517578
4025,66.0999984741211,65.1999969482422,66.3000030517578,66.6999969482422,67.3000030517578
4028,50.9000015258789,50.2999992370605,51.2000007629395,51.9000015258789,52.4000015258789
4029,58.7999992370605,58.0,59.0,59.5999984741211,60.0999984741211
4031,65.0999984741211,64.4000015258789,65.1999969482422,65.5999984741211,66.0999984741211
4032,66.4000015258789,63.7000007629395,65.0,64.8000030517578,65.1999969482422
4033,66.4000015258789,63.7000007629395,65.0,64.8000030517578,65.1999969482422
4037,54.0,53.5,54.2000007629395,55.2999992370605,55.7999992370605
4038,66.3000030517578,65.5999984741211,66.6999969482422,67.5,68.0999984741211
4039,55.2999992370605,54.2999992370605,55.4000015258789,55.7999992370605,56.2999992370605
4041,62.5,62.0,63.4000015258789,64.0,64.6999969482422
4042,56.2999992370605,55.9000015258789,57.2000007629395,57.7999992370605,58.5
4047,66.0999984741211,66.0,67.0999984741211,68.0999984741211,68.5999984741211
4048,50.7999992370605,50.5,51.2999992370605,52.2000007629395,52.7999992370605
4050,68.0,67.1999969482422,68.1999969482422,68.8000030517578,69.4000015258789
4054,71.6999969482422,70.5999984741211,71.5999984741211,71.8000030517578,72.4000015258789
4055,71.6999969482422,70.5999984741211,71.5999984741211,71.8000030517578,72.4000015258789
4056,71.5,70.4000015258789,71.4000015258789,71.5999984741211,72.1999969482422
4057,71.5,70.4000015258789,71.4000015258789,71.5999984741211,72.1999969482422
4058,68.6999969482422,67.6999969482422,68.6999969482422,68.9000015258789,69.5
4059,68.6999969482422,67.6999969482422,68.6999969482422,68.9000015258789,69.5
4061,72.3000030517578,70.8000030517578,72.3000030517578,73.0,73.5
4062,72.3000030517578,70.8000030517578,72.3000030517578,73.0,73.5
4063,72.4000015258789,70.9000015258789,72.5,72.9000015258789,73.5
4064,72.4000015258789,71.0,72.5,73.1999969482422,73.6999969482422
4069,72.4000015258789,70.9000015258789,72.5,72.9000015258789,73.5
4070,72.4000015258789,71.0,72.5,73.1999969482422,73.6999969482422
4073,67.1999969482422,66.0999984741211,65.1999969482422,65.8000030517578,66.0
4074,70.0,68.9000015258789,66.1999969482422,67.1999969482422,67.4000015258789
4078,56.0,55.2000007629395,56.5,57.4000015258789,57.9000015258789
4079,57.9000015258789,57.2000007629395,58.4000015258789,59.0999984741211,59.5
4080,57.9000015258789,57.2000007629395,58.4000015258789,59.0999984741211,59.5
4081,56.0,55.2000007629395,56.5,57.4000015258789,57.9000015258789
4085,57.9000015258789,56.0999984741211,58.2000007629395,59.0,59.5
4089,67.4000015258789,66.0999984741211,67.9000015258789,68.5999984741211,69.0
4090,69.6999969482422,68.6999969482422,69.9000015258789,70.5,70.6999969482422
4091,69.5,68.5999984741211,70.0,70.3000030517578,70.5999984741211
4092,68.0,66.8000030517578,68.3000030517578,68.9000015258789,69.1999969482422
4093,61.0999984741211,59.5999984741211,61.7000007629395,62.2000007629395,62.4000015258789
4094,61.0999984741211,59.5999984741211,61.7000007629395,62.2000007629395,62.4000015258789
4095,67.0999984741211,65.5999984741211,67.5999984741211,68.0999984741211,68.3000030517578
4096,69.4000015258789,68.0,69.8000030517578,70.4000015258789,70.5999984741211
4097,60.9000015258789,59.4000015258789,61.2999992370605,61.9000015258789,62.0999984741211
4098,63.9000015258789,62.5999984741211,64.3000030517578,64.9000015258789,65.0999984741211
4099,60.7000007629395,59.5999984741211,60.7000007629395,59.7999992370605,60.0
4100,65.5,65.0,62.2999992370605,61.5999984741211,61.7999992370605
4101,63.0,61.9000015258789,65.3000030517578,62.7000007629395,62.9000015258789
4102,68.8000030517578,67.6999969482422,68.0,66.0,66.1999969482422
4103,68.0,67.0,53.5999984741211,54.0,54.2999992370605
4104,68.0999984741211,67.0999984741211,53.5999984741211,55.9000015258789,56.0999984741211
4105,70.3000030517578,68.6999969482422,70.8000030517578,71.3000030517578,71.5
4106,70.1999969482422,68.9000015258789,70.6999969482422,71.1999969482422,71.4000015258789
4108,64.8000030517578,64.0999984741211,64.9000015258789,65.1999969482422,66.0
4109,65.0999984741211,64.0999984741211,65.0,65.1999969482422,65.8000030517578
4110,60.9000015258789,59.7999992370605,60.5999984741211,60.9000015258789,61.5999984741211
4111,64.6999969482422,63.7000007629395,64.3000030517578,64.8000030517578,65.5
4112,66.4000015258789,65.5999984741211,66.4000015258789,66.6999969482422,67.3000030517578
4113,71.9000015258789,70.3000030517578,72.1999969482422,72.8000030517578,73.6999969482422
4114,71.9000015258789,70.3000030517578,72.1999969482422,72.8000030517578,73.6999969482422
4115,59.7999992370605,58.9000015258789,60.2999992370605,60.9000015258789,61.0999984741211
4116,65.0999984741211,63.9000015258789,65.5,66.1999969482422,66.0999984741211
4117,59.7999992370605,58.9000015258789,60.2999992370605,60.9000015258789,61.0999984741211
4118,65.0999984741211,63.9000015258789,65.5,66.1999969482422,66.0999984741211
4119,54.2000007629395,53.2000007629395,54.5,55.2000007629395,55.4000015258789
4120,58.2999992370605,57.2999992370605,58.7999992370605,59.5,59.7000007629395
4121,52.5999984741211,51.7000007629395,52.7000007629395,53.5,53.7000007629395
4122,53.2999992370605,52.2999992370605,53.7999992370605,54.5,54.7000007629395
4123,54.4000015258789,53.4000015258789,54.5,55.2000007629395,55.4000015258789
4124,52.5999984741211,51.5,53.0999984741211,53.7999992370605,54.0
4125,60.7999992370605,59.7999992370605,61.2999992370605,61.9000015258789,62.0999984741211
4126,59.7000007629395,58.7999992370605,60.0999984741211,60.7000007629395,60.9000015258789
4127,60.7999992370605,59.7999992370605,61.2999992370605,61.9000015258789,62.0999984741211
4128,59.7000007629395,58.7999992370605,60.0999984741211,60.7000007629395,60.9000015258789
4131,60.0999984741211,59.2999992370605,60.5999984741211,60.9000015258789,61.2000007629395
4132,60.0999984741211,59.2999992370605,60.5999984741211,60.9000015258789,61.2000007629395
4133,66.8000030517578,66.0999984741211,67.3000030517578,67.8000030517578,68.0999984741211
4134,66.8000030517578,66.0999984741211,67.3000030517578,67.8000030517578,68.0999984741211
4137,57.0,56.2999992370605,57.5999984741211,58.2999992370605,58.7000007629395
4138,52.2999992370605,51.5999984741211,52.7999992370605,53.5,53.9000015258789
4141,68.6999969482422,67.6999969482422,69.1999969482422,69.6999969482422,69.8000030517578
4144,59.7999992370605,57.0,60.5999984741211,61.2000007629395,62.0999984741211
4145,62.2999992370605,58.9000015258789,64.6999969482422,65.3000030517578,66.1999969482422
4147,69.5999984741211,67.9000015258789,68.9000015258789,69.0999984741211,69.6999969482422
4148,69.6999969482422,67.4000015258789,68.4000015258789,68.6999969482422,69.3000030517578
4149,71.0,69.4000015258789,71.3000030517578,71.9000015258789,72.8000030517578
4150,71.0,69.4000015258789,71.3000030517578,71.9000015258789,72.8000030517578
4151,67.0,65.4000015258789,67.3000030517578,67.9000015258789,68.8000030517578
4152,67.5,65.9000015258789,67.8000030517578,68.4000015258789,69.3000030517578
4153,43.0,41.2999992370605,52.5,53.0999984741211,54.0
4154,43.0,41.2999992370605,52.5,53.0999984741211,54.0
4155,42.5,40.7999992370605,54.2000007629395,54.7999992370605,55.7000007629395
4157,40.7999992370605,39.5,48.0,48.5,49.4000015258789
4170,61.5,60.5,61.2000007629395,61.7000007629395,62.4000015258789
4171,61.7999992370605,60.7999992370605,61.5999984741211,62.0,62.7000007629395
4175,60.0999984741211,59.0,59.9000015258789,60.2999992370605,61.0
4176,68.1999969482422,66.8000030517578,67.8000030517578,68.0999984741211,68.8000030517578
4178,53.4000015258789,52.2999992370605,53.5,54.2000007629395,54.4000015258789
4179,52.9000015258789,51.7999992370605,53.4000015258789,54.0999984741211,54.2999992370605
4180,69.5999984741211,67.9000015258789,69.6999969482422,70.5999984741211,71.0999984741211
4181,71.0,69.1999969482422,71.1999969482422,71.6999969482422,72.1999969482422
4182,68.0,66.0999984741211,68.0999984741211,68.8000030517578,69.3000030517578
4183,67.9000015258789,66.0,68.4000015258789,69.0,69.5999984741211
4184,66.9000015258789,65.4000015258789,67.3000030517578,67.9000015258789,68.5
4185,47.2999992370605,45.5,51.5999984741211,52.0999984741211,53.0
4201,61.7000007629395,60.7999992370605,62.2999992370605,62.7000007629395,63.0999984741211
4202,61.7000007629395,60.7999992370605,62.2999992370605,62.7000007629395,63.0999984741211
4203,62.7000007629395,61.7999992370605,63.2999992370605,63.5999984741211,64.0
4204,62.7000007629395,61.7999992370605,63.2999992370605,63.5999984741211,64.0
4205,58.5999984741211,57.7999992370605,59.2000007629395,59.5999984741211,60.0
4206,64.4000015258789,63.5,65.0,65.3000030517578,65.8000030517578
4207,64.9000015258789,64.0,65.4000015258789,66.0,66.5999984741211
4208,51.5999984741211,50.9000015258789,51.9000015258789,52.5,53.2000007629395
4212,56.0,55.2999992370605,56.0,56.7000007629395,57.2999992370605
4213,56.0,55.2999992370605,56.0,56.7000007629395,57.2999992370605
4214,51.5999984741211,50.9000015258789,51.9000015258789,52.5,53.2000007629395
4215,54.5999984741211,53.7999992370605,55.2000007629395,55.5999984741211,55.9000015258789
4216,56.0,55.0,56.5,56.7999992370605,57.2000007629395
4217,54.5999984741211,53.7999992370605,55.2000007629395,55.5999984741211,55.9000015258789
4218,56.0,55.0,56.5,56.7999992370605,57.2000007629395
4221,60.2999992370605,59.2999992370605,60.7999992370605,61.0999984741211,61.5
4222,70.3000030517578,69.3000030517578,70.8000030517578,71.0,71.5
4224,58.2000007629395,57.2999992370605,58.7000007629395,59.0,59.4000015258789
4225,70.4000015258789,69.5,70.9000015258789,71.0999984741211,71.5999984741211
4232,68.9000015258789,67.9000015258789,69.4000015258789,69.9000015258789,70.3000030517578
4233,56.4000015258789,55.4000015258789,56.9000015258789,57.2000007629395,57.5999984741211
4236,69.4000015258789,68.4000015258789,69.9000015258789,70.3000030517578,70.6999969482422
4237,69.4000015258789,68.4000015258789,69.9000015258789,70.3000030517578,70.6999969482422
4238,55.7000007629395,54.7999992370605,56.0999984741211,56.5,56.7999992370605
4239,54.9000015258789,54.0,55.4000015258789,55.7000007629395,56.0999984741211
4240,70.9000015258789,70.0999984741211,71.4000015258789,71.6999969482422,72.0999984741211
4241,55.7000007629395,54.7999992370605,56.2000007629395,56.5,56.9000015258789
4242,70.3000030517578,69.3000030517578,70.8000030517578,71.1999969482422,71.5999984741211
4243,71.0,70.0,71.5999984741211,72.0,72.4000015258789
4245,70.1999969482422,69.1999969482422,70.8000030517578,71.1999969482422,71.5999984741211
4246,70.0,69.0,70.5999984741211,70.9000015258789,71.3000030517578
4247,70.5999984741211,69.5999984741211,71.0999984741211,71.5,71.9000015258789
4248,70.0999984741211,69.0999984741211,70.6999969482422,71.0,71.5
4249,53.5999984741211,52.7999992370605,53.9000015258789,54.4000015258789,54.7000007629395
4250,54.0999984741211,53.2999992370605,54.4000015258789,54.9000015258789,55.2000007629395
4251,68.1999969482422,67.1999969482422,50.0999984741211,52.4000015258789,52.5999984741211
4252,62.2999992370605,61.2999992370605,51.2999992370605,54.0,54.2000007629395
4253,67.5999984741211,66.5999984741211,68.0,63.5999984741211,64.1999969482422
4254,66.4000015258789,65.4000015258789,55.5,55.0999984741211,55.4000015258789
4257,66.1999969482422,65.1999969482422,64.5,61.0999984741211,61.5
4258,59.4000015258789,58.4000015258789,57.5999984741211,55.5,55.9000015258789
4259,64.6999969482422,63.0999984741211,65.5999984741211,65.9000015258789,66.8000030517578
4260,64.8000030517578,63.2999992370605,65.9000015258789,66.1999969482422,67.0999984741211
4261,60.2999992370605,58.9000015258789,60.7999992370605,61.2999992370605,62.2000007629395
4262,64.3000030517578,62.7999992370605,64.8000030517578,65.4000015258789,66.3000030517578
4273,65.4000015258789,64.3000030517578,65.9000015258789,66.4000015258789,67.0
4274,65.4000015258789,64.3000030517578,65.9000015258789,66.4000015258789,67.0
4278,69.1999969482422,68.3000030517578,67.6999969482422,68.0,68.0999984741211
4279,71.5999984741211,70.6999969482422,70.0999984741211,70.6999969482422,70.9000015258789
4280,71.5999984741211,70.6999969482422,70.0999984741211,70.6999969482422,70.9000015258789
4281,67.3000030517578,66.5,64.5999984741211,65.5,66.0
4282,62.2000007629395,60.7999992370605,56.5,59.7999992370605,60.2000007629395
4283,66.3000030517578,65.3000030517578,65.3000030517578,66.4000015258789,66.6999969482422
4284,69.0999984741211,68.1999969482422,66.1999969482422,66.4000015258789,66.5999984741211
4285,66.4000015258789,65.3000030517578,65.0999984741211,66.3000030517578,66.5999984741211
4286,66.4000015258789,65.3000030517578,65.0999984741211,66.3000030517578,66.5999984741211
4287,66.3000030517578,65.3000030517578,65.3000030517578,66.4000015258789,66.6999969482422
4288,69.0999984741211,68.1999969482422,66.1999969482422,66.4000015258789,66.5999984741211
4289,66.3000030517578,65.3000030517578,65.3000030517578,66.4000015258789,66.6999969482422
4290,69.8000030517578,68.8000030517578,67.0,67.3000030517578,67.4000015258789
4291,70.0999984741211,69.1999969482422,68.0,69.0999984741211,69.3000030517578
4292,69.8000030517578,68.8000030517578,67.0,67.3000030517578,67.4000015258789
4293,70.0999984741211,69.1999969482422,68.0,69.0999984741211,69.3000030517578
4294,70.0999984741211,69.1999969482422,68.0,69.0999984741211,69.3000030517578
4295,54.4000015258789,53.7000007629395,54.5999984741211,55.0999984741211,55.2999992370605
4296,68.8000030517578,68.0,69.3000030517578,69.8000030517578,69.9000015258789
4297,52.2000007629395,51.5,52.4000015258789,53.0,53.0999984741211
4298,52.2000007629395,51.5,52.4000015258789,53.0,53.0999984741211
4299,63.9000015258789,63.0999984741211,64.3000030517578,64.8000030517578,65.0
4300,63.9000015258789,63.0999984741211,64.3000030517578,64.8000030517578,65.0
4301,55.0999984741211,54.5,55.5,56.0,56.2999992370605
4302,55.0999984741211,54.5,55.5,56.0,56.2999992370605
4303,65.4000015258789,64.5999984741211,65.8000030517578,66.3000030517578,66.5999984741211
4304,51.0999984741211,50.4000015258789,51.5999984741211,52.0,52.5
4305,63.0999984741211,62.0999984741211,63.4000015258789,63.7999992370605,64.1999969482422
4306,51.0999984741211,50.4000015258789,51.5999984741211,52.0,52.5
4307,66.9000015258789,66.1999969482422,67.1999969482422,67.8000030517578,68.3000030517578
4308,68.9000015258789,68.0999984741211,69.0999984741211,69.8000030517578,70.1999969482422
4311,44.7999992370605,43.5,52.4000015258789,53.0,53.9000015258789
4312,54.7999992370605,53.2999992370605,62.0,62.7000007629395,63.5999984741211
4313,53.0999984741211,51.7999992370605,53.5999984741211,54.2000007629395,55.0
4314,53.0999984741211,51.7999992370605,53.5999984741211,54.2000007629395,55.0
4320,69.5999984741211,68.8000030517578,69.8000030517578,70.1999969482422,70.3000030517578
4321,69.1999969482422,68.3000030517578,69.5,69.9000015258789,70.0
4323,65.5999984741211,64.0999984741211,66.5,66.9000015258789,67.8000030517578
4324,64.5999984741211,63.0,65.9000015258789,66.4000015258789,67.3000030517578
4325,64.6999969482422,62.9000015258789,65.5999984741211,65.9000015258789,66.9000015258789
4326,64.1999969482422,62.5,64.8000030517578,65.4000015258789,66.3000030517578
4342,63.7999992370605,62.5,64.5,64.1999969482422,65.0999984741211
4346,50.7999992370605,49.5,51.4000015258789,52.0,52.9000015258789
4347,50.7999992370605,49.5,51.4000015258789,52.0,52.9000015258789
4348,68.8000030517578,67.4000015258789,69.3000030517578,69.8000030517578,70.8000030517578
4349,68.8000030517578,67.4000015258789,69.3000030517578,69.8000030517578,70.8000030517578
4350,60.2000007629395,58.7000007629395,60.4000015258789,60.9000015258789,61.7999992370605
4351,68.1999969482422,66.6999969482422,68.5999984741211,69.1999969482422,70.1999969482422
4352,66.0,64.5999984741211,66.1999969482422,66.8000030517578,67.5999984741211
4354,50.0999984741211,49.4000015258789,50.4000015258789,50.9000015258789,51.2999992370605
4355,53.7000007629395,53.0,54.0,54.5,55.0
4356,62.7999992370605,61.9000015258789,63.2999992370605,63.7000007629395,64.0999984741211
4357,65.9000015258789,65.0,66.3000030517578,66.6999969482422,67.1999969482422
4358,42.0,40.7000007629395,62.5999984741211,63.2000007629395,64.0999984741211
4359,42.5,41.2999992370605,53.0,53.5999984741211,54.5
4360,57.7000007629395,56.7999992370605,57.9000015258789,58.4000015258789,58.9000015258789
4361,67.4000015258789,66.5999984741211,67.5999984741211,68.1999969482422,68.5999984741211
4362,66.0,65.1999969482422,66.1999969482422,66.8000030517578,67.1999969482422
4363,63.9000015258789,63.0,64.0999984741211,64.6999969482422,65.1999969482422
4365,60.2999992370605,59.5,60.7999992370605,61.2000007629395,61.5999984741211
4366,60.2999992370605,59.5,60.7999992370605,61.2000007629395,61.5999984741211
4384,71.1999969482422,69.9000015258789,71.1999969482422,71.3000030517578,71.9000015258789
4385,71.1999969482422,69.9000015258789,71.1999969482422,71.3000030517578,71.9000015258789
4386,66.4000015258789,65.1999969482422,66.5999984741211,66.6999969482422,67.3000030517578
4387,68.8000030517578,67.5,68.9000015258789,69.0,69.5
4414,62.0999984741211,61.0,61.9000015258789,62.4000015258789,63.2000007629395
4415,66.5,65.3000030517578,66.4000015258789,67.0,67.8000030517578
4417,66.5999984741211,65.5,66.5,67.0,67.9000015258789
4419,63.7999992370605,62.5999984741211,63.9000015258789,64.0,64.5
4420,62.4000015258789,61.2000007629395,62.5,62.5999984741211,63.2000007629395
4421,56.5999984741211,55.5,56.9000015258789,57.0,57.5999984741211
4423,59.0,57.9000015258789,59.2000007629395,59.2999992370605,59.9000015258789
4424,66.0,64.9000015258789,66.1999969482422,66.3000030517578,66.9000015258789
4425,53.5,52.4000015258789,53.7000007629395,53.7999992370605,54.4000015258789
4426,65.9000015258789,64.8000030517578,66.0999984741211,66.1999969482422,66.8000030517578
4651,64.0,63.0,62.5,64.1999969482422,64.8000030517578
4652,63.7000007629395,62.2999992370605,63.0,64.0,64.5999984741211
4653,69.1999969482422,68.0999984741211,68.8000030517578,69.6999969482422,70.4000015258789
4654,69.1999969482422,68.0999984741211,68.8000030517578,69.6999969482422,70.4000015258789
4655,54.4000015258789,49.7999992370605,54.7999992370605,56.9000015258789,57.5
4656,53.7000007629395,48.2000007629395,54.2999992370605,56.2000007629395,56.7999992370605
4661,65.1999969482422,63.7000007629395,64.9000015258789,66.3000030517578,66.9000015258789
4662,67.8000030517578,66.3000030517578,67.5,68.8000030517578,69.5
4663,65.1999969482422,64.1999969482422,64.9000015258789,65.9000015258789,66.5999984741211
4664,65.0,63.4000015258789,64.8000030517578,66.3000030517578,66.9000015258789
4666,59.2999992370605,58.4000015258789,60.2000007629395,61.5,62.0999984741211
4667,59.2999992370605,58.4000015258789,60.2000007629395,61.5,62.0999984741211
4668,52.2000007629395,47.2999992370605,52.7999992370605,54.7000007629395,55.2999992370605
4669,52.2000007629395,47.2999992370605,52.7999992370605,54.7000007629395,55.2999992370605
4672,68.5,67.1999969482422,67.8000030517578,68.8000030517578,69.4000015258789
4689,68.5999984741211,67.5,68.0,68.9000015258789,69.5
4691,67.3000030517578,65.4000015258789,66.1999969482422,67.0,67.6999969482422
4693,67.0999984741211,66.4000015258789,66.5999984741211,67.8000030517578,68.5
4694,68.5,67.9000015258789,68.0,69.3000030517578,69.9000015258789
4695,67.8000030517578,66.4000015258789,67.0,68.0,68.5999984741211
4696,68.1999969482422,66.9000015258789,67.5999984741211,68.9000015258789,69.5
4698,67.0,66.1999969482422,66.4000015258789,67.8000030517578,68.4000015258789
4700,69.0,67.6999969482422,68.3000030517578,69.3000030517578,69.9000015258789
4702,68.1999969482422,67.0,67.6999969482422,68.5999984741211,69.3000030517578
4703,57.7000007629395,57.2000007629395,57.7999992370605,59.2000007629395,59.7999992370605
4705,62.0,61.0999984741211,62.2000007629395,61.7000007629395,62.0999984741211
4706,62.0,61.0999984741211,62.2000007629395,61.7000007629395,62.0999984741211
4707,59.2999992370605,58.2000007629395,60.2000007629395,60.0999984741211,60.4000015258789
4708,59.2999992370605,58.2000007629395,60.2000007629395,60.0999984741211,60.4000015258789
4709,59.2999992370605,58.2000007629395,60.2000007629395,60.0999984741211,60.4000015258789
4710,59.2999992370605,58.2000007629395,60.2000007629395,60.0999984741211,60.4000015258789
4711,59.2999992370605,58.2000007629395,60.2000007629395,60.0999984741211,60.4000015258789
4712,59.7000007629395,58.5999984741211,60.7999992370605,60.7000007629395,61.0999984741211
4713,67.4000015258789,66.5999984741211,68.0,67.5,67.8000030517578
4714,65.6999969482422,65.0,65.8000030517578,66.0999984741211,66.5999984741211
4715,67.4000015258789,66.5999984741211,68.0,67.5,67.8000030517578
4716,67.8000030517578,67.1999969482422,68.0,68.3000030517578,68.8000030517578
4721,67.1999969482422,66.1999969482422,67.6999969482422,67.9000015258789,68.3000030517578
4722,68.1999969482422,67.5999984741211,68.8000030517578,69.9000015258789,70.4000015258789
4723,68.1999969482422,67.5999984741211,68.8000030517578,69.9000015258789,70.4000015258789
4724,68.1999969482422,67.5999984741211,68.8000030517578,69.9000015258789,70.4000015258789
4725,68.5,67.9000015258789,69.0,70.1999969482422,70.6999969482422
4726,70.4000015258789,69.4000015258789,70.6999969482422,71.0999984741211,71.5999984741211
4727,70.0999984741211,69.0999984741211,70.5999984741211,70.9000015258789,71.3000030517578
4728,70.0999984741211,69.0999984741211,70.5999984741211,70.9000015258789,71.3000030517578
4729,70.4000015258789,69.4000015258789,70.6999969482422,71.0999984741211,71.5999984741211
4730,65.4000015258789,64.5,66.5999984741211,66.9000015258789,67.1999969482422
4731,63.7999992370605,63.0,64.4000015258789,65.0,65.4000015258789
4732,66.1999969482422,65.4000015258789,66.8000030517578,67.4000015258789,67.9000015258789
4733,66.1999969482422,65.4000015258789,66.8000030517578,67.4000015258789,67.9000015258789
4734,69.1999969482422,68.1999969482422,69.5999984741211,70.0,70.4000015258789
4735,66.9000015258789,65.8000030517578,67.4000015258789,67.6999969482422,68.0
4736,68.5,67.9000015258789,69.0,70.1999969482422,70.6999969482422
4738,57.2000007629395,56.0999984741211,57.4000015258789,57.2000007629395,57.5999984741211
4739,57.2000007629395,56.0999984741211,57.4000015258789,57.2000007629395,57.5999984741211
4740,59.7000007629395,58.7999992370605,59.7000007629395,60.2000007629395,60.7000007629395
4741,56.4000015258789,55.5999984741211,56.5,57.0,57.5
4751,66.4000015258789,66.1999969482422,67.3000030517578,68.4000015258789,68.8000030517578
4752,66.4000015258789,66.1999969482422,67.3000030517578,68.4000015258789,68.8000030517578
4753,64.3000030517578,63.9000015258789,64.6999969482422,66.6999969482422,67.1999969482422
4755,56.7999992370605,55.7999992370605,57.0999984741211,57.0,57.5
4756,60.5,59.5,60.7000007629395,60.5999984741211,61.0
4765,58.4000015258789,57.2999992370605,58.5999984741211,58.4000015258789,58.9000015258789
4766,55.7999992370605,54.7000007629395,56.0,55.9000015258789,56.2999992370605
4772,59.9000015258789,59.0,59.9000015258789,60.4000015258789,60.9000015258789
4773,65.8000030517578,64.5,66.0,66.4000015258789,66.9000015258789
4774,66.4000015258789,66.3000030517578,67.5,68.1999969482422,68.5999984741211
4775,66.8000030517578,66.6999969482422,67.8000030517578,68.9000015258789,69.4000015258789
4776,66.8000030517578,66.6999969482422,67.8000030517578,68.9000015258789,69.4000015258789
4782,65.6999969482422,64.6999969482422,66.4000015258789,67.1999969482422,67.9000015258789
4783,57.2999992370605,56.2000007629395,57.5999984741211,57.0,57.2999992370605
4788,63.0,62.0,62.7999992370605,63.2000007629395,63.5999984741211
4790,66.9000015258789,65.8000030517578,67.5,68.1999969482422,68.9000015258789
4791,67.5999984741211,66.3000030517578,68.1999969482422,69.0,69.5999984741211
4793,63.0999984741211,62.2999992370605,63.0,63.5,64.0
4796,62.5,61.7000007629395,62.4000015258789,62.9000015258789,63.4000015258789
4799,63.0999984741211,62.2999992370605,63.0999984741211,63.7000007629395,64.0999984741211
4807,59.5999984741211,58.5,60.2999992370605,61.2000007629395,61.7000007629395
4809,62.7000007629395,61.5999984741211,63.5,64.3000030517578,64.8000030517578
4811,67.6999969482422,66.5999984741211,68.4000015258789,69.0999984741211,69.6999969482422
4812,70.0999984741211,68.8000030517578,70.6999969482422,71.4000015258789,72.0
4813,67.4000015258789,66.3000030517578,68.0999984741211,68.8000030517578,69.3000030517578
4816,66.8000030517578,63.0999984741211,64.5,65.4000015258789,65.9000015258789
4817,65.8000030517578,62.2000007629395,63.5999984741211,64.5,65.0
4818,66.0,62.2999992370605,63.7000007629395,64.6999969482422,65.1999969482422
4821,66.5,62.7000007629395,64.0999984741211,65.0,65.5999984741211
4822,66.0,62.2999992370605,63.7000007629395,64.6999969482422,65.1999969482422
4824,61.2999992370605,60.2000007629395,61.5,62.5,63.0
4829,62.7000007629395,61.5999984741211,63.5,64.3000030517578,64.8000030517578
4831,72.5,71.1999969482422,73.4000015258789,74.1999969482422,74.8000030517578
4833,64.8000030517578,63.4000015258789,65.5,66.1999969482422,66.8000030517578
4834,67.3000030517578,65.8000030517578,67.9000015258789,68.6999969482422,69.1999969482422
4836,62.4000015258789,61.0999984741211,62.5,63.2000007629395,63.5999984741211
4837,61.2999992370605,59.9000015258789,61.5,62.2000007629395,62.5999984741211
4840,65.0,63.5999984741211,64.9000015258789,65.6999969482422,66.1999969482422
4842,70.3000030517578,68.8000030517578,70.3000030517578,71.0,71.4000015258789
4843,70.3000030517578,68.8000030517578,70.3000030517578,71.0,71.4000015258789
4857,68.5999984741211,67.1999969482422,67.6999969482422,68.5999984741211,69.3000030517578
4861,69.0,67.6999969482422,68.9000015258789,69.4000015258789,69.8000030517578
4863,69.4000015258789,68.0999984741211,69.3000030517578,69.8000030517578,70.1999969482422
4865,62.9000015258789,62.0,63.4000015258789,63.7000007629395,64.1999969482422
4866,62.9000015258789,62.0,63.4000015258789,63.7000007629395,64.1999969482422
4868,61.9000015258789,60.7999992370605,62.4000015258789,63.2000007629395,63.5999984741211
4869,61.9000015258789,60.7999992370605,62.2999992370605,63.0,63.5
4874,67.5999984741211,66.6999969482422,67.9000015258789,68.4000015258789,68.9000015258789
4880,71.8000030517578,70.5,71.8000030517578,72.3000030517578,72.6999969482422
4882,72.1999969482422,71.0,72.3000030517578,72.6999969482422,73.0999984741211
4884,71.3000030517578,70.0,71.3000030517578,71.8000030517578,72.0999984741211
4887,72.3000030517578,71.0,72.3000030517578,72.8000030517578,73.1999969482422
4892,69.1999969482422,67.9000015258789,69.3000030517578,69.8000030517578,70.1999969482422
4895,69.1999969482422,67.9000015258789,69.3000030517578,69.8000030517578,70.1999969482422
4902,71.6999969482422,70.4000015258789,71.6999969482422,72.3000030517578,72.6999969482422
4904,71.3000030517578,70.0,71.3000030517578,71.9000015258789,72.3000030517578
4909,71.0,69.6999969482422,70.9000015258789,71.5999984741211,72.0
4910,71.0999984741211,69.8000030517578,71.0999984741211,71.5999984741211,72.0
4917,61.2999992370605,60.5999984741211,61.7000007629395,62.2999992370605,62.7000007629395
4919,57.7000007629395,56.5999984741211,57.7999992370605,58.4000015258789,58.7000007629395
4945,72.1999969482422,70.9000015258789,72.0999984741211,72.6999969482422,73.0999984741211
4946,72.1999969482422,70.9000015258789,72.0999984741211,72.6999969482422,73.0999984741211
4948,69.8000030517578,68.5,69.6999969482422,70.1999969482422,70.5999984741211
4961,65.5999984741211,64.8000030517578,64.0999984741211,64.5,65.1999969482422
4962,65.5999984741211,64.8000030517578,64.0999984741211,64.5,65.1999969482422
4963,65.5999984741211,64.8000030517578,64.0999984741211,64.5,65.1999969482422
4964,65.5999984741211,64.8000030517578,64.0999984741211,64.5,65.1999969482422
4967,65.5999984741211,64.8000030517578,64.5,65.0,65.6999969482422
4968,66.9000015258789,66.0,62.7999992370605,63.4000015258789,64.1999969482422
4969,67.6999969482422,66.8000030517578,65.3000030517578,65.6999969482422,66.3000030517578
4970,65.5999984741211,64.8000030517578,64.5,65.0,65.6999969482422
4971,66.8000030517578,65.9000015258789,64.5999984741211,65.0,65.6999969482422
4972,66.8000030517578,65.9000015258789,64.9000015258789,65.5,66.1999969482422
4978,66.3000030517578,65.9000015258789,58.2000007629395,58.7000007629395,59.5
4979,65.8000030517578,64.8000030517578,55.0999984741211,55.7000007629395,56.2999992370605
4989,65.1999969482422,64.4000015258789,53.9000015258789,54.7000007629395,55.5
4990,65.1999969482422,64.4000015258789,53.9000015258789,54.7000007629395,55.5
4991,69.0,68.0999984741211,65.8000030517578,66.3000030517578,67.3000030517578
4992,69.0,68.0999984741211,65.8000030517578,66.3000030517578,67.3000030517578
4993,56.4000015258789,55.5,50.0999984741211,50.7999992370605,51.5999984741211
4994,56.4000015258789,55.5,50.0999984741211,50.7999992370605,51.5999984741211
4995,68.0999984741211,67.0999984741211,64.6999969482422,65.0999984741211,66.0999984741211
4996,68.0999984741211,67.0999984741211,64.6999969482422,65.0999984741211,66.0999984741211
4997,51.7999992370605,50.9000015258789,46.7999992370605,47.5999984741211,48.4000015258789
4998,65.5,64.8000030517578,62.9000015258789,63.4000015258789,64.8000030517578
4999,64.5,63.5999984741211,62.0,62.5999984741211,63.5
5000,53.5,52.5999984741211,48.0999984741211,48.9000015258789,49.5999984741211
5001,66.0999984741211,65.1999969482422,67.5,68.9000015258789,69.5
5002,66.0999984741211,65.1999969482422,67.5,68.9000015258789,69.5
5003,65.5,64.5999984741211,56.0999984741211,57.5,58.2999992370605
5004,64.1999969482422,63.2999992370605,63.7999992370605,64.3000030517578,65.1999969482422
5005,64.1999969482422,63.2999992370605,63.7999992370605,64.3000030517578,65.1999969482422
5006,66.1999969482422,65.4000015258789,63.0999984741211,63.5,64.4000015258789
5007,66.1999969482422,65.4000015258789,63.0999984741211,63.5,64.4000015258789
5008,66.9000015258789,66.0999984741211,64.5999984741211,65.0999984741211,65.9000015258789
5009,66.9000015258789,66.0999984741211,64.5999984741211,65.0999984741211,65.9000015258789
5010,66.0999984741211,65.3000030517578,65.1999969482422,66.0999984741211,66.6999969482422
5011,66.0999984741211,65.3000030517578,65.1999969482422,66.0999984741211,66.6999969482422
5017,70.8000030517578,69.9000015258789,53.0,53.5999984741211,54.4000015258789
5018,70.8000030517578,69.9000015258789,53.0,53.5999984741211,54.4000015258789
5019,71.8000030517578,70.9000015258789,69.0,69.5,70.4000015258789
5020,71.8000030517578,70.9000015258789,69.0,69.5,70.4000015258789
5021,53.5,52.7000007629395,52.2000007629395,52.9000015258789,53.7000007629395
5022,53.5,52.7000007629395,52.2000007629395,52.9000015258789,53.7000007629395
5023,64.0999984741211,63.0999984741211,61.2999992370605,62.0,62.7999992370605
5024,58.0,56.9000015258789,58.0999984741211,58.5999984741211,59.0
5025,58.0,56.9000015258789,58.0999984741211,58.5999984741211,59.0
5032,53.5,52.7999992370605,53.7000007629395,54.4000015258789,55.0999984741211
5033,57.2999992370605,56.5,57.5999984741211,58.2999992370605,59.0
5036,0.0,69.9000015258789,63.5999984741211,62.9000015258789,63.5
5037,0.0,69.9000015258789,63.5999984741211,62.9000015258789,63.5
5038,0.0,73.1999969482422,67.1999969482422,67.1999969482422,68.0
5039,0.0,73.1999969482422,67.1999969482422,67.1999969482422,68.0
5040,0.0,69.9000015258789,63.5999984741211,62.9000015258789,63.5
5041,0.0,64.6999969482422,61.2000007629395,60.5,60.9000015258789
5042,66.4000015258789,65.5999984741211,57.5999984741211,58.7000007629395,59.0999984741211
5043,65.1999969482422,64.3000030517578,57.9000015258789,58.7999992370605,59.4000015258789
5053,61.5999984741211,60.5999984741211,56.4000015258789,57.0999984741211,57.9000015258789
5054,61.5999984741211,60.5999984741211,56.4000015258789,57.0999984741211,57.9000015258789
5055,65.0999984741211,64.5999984741211,63.7999992370605,64.5,65.3000030517578
5056,67.8000030517578,67.1999969482422,66.8000030517578,67.5999984741211,68.3000030517578
5060,66.9000015258789,66.0999984741211,57.0,57.7999992370605,58.5
5061,66.9000015258789,66.0999984741211,57.0,57.7999992370605,58.5
5062,57.0999984741211,56.5,55.9000015258789,56.5999984741211,57.2999992370605
5063,56.2999992370605,55.5,54.9000015258789,55.5,56.2999992370605
5065,63.4000015258789,62.7000007629395,56.7000007629395,57.5999984741211,58.2999992370605
5066,65.0999984741211,64.4000015258789,64.1999969482422,65.0,65.8000030517578
5070,61.0,59.7999992370605,61.5,62.2000007629395,63.0
5071,61.0,59.7999992370605,61.5,62.2000007629395,63.0
5080,65.1999969482422,64.4000015258789,65.5,66.1999969482422,66.5999984741211
5081,66.5999984741211,65.8000030517578,66.9000015258789,67.5999984741211,68.1999969482422
5083,68.5999984741211,67.5999984741211,59.7999992370605,60.5,61.5
5084,68.5999984741211,67.5999984741211,59.7999992370605,60.5,61.5
5085,69.5,68.5,67.5,68.0,68.9000015258789
5086,69.5,68.5,67.5,68.0,68.9000015258789
5093,66.0,65.0999984741211,67.4000015258789,68.5,69.1999969482422
5094,66.0,65.0999984741211,67.4000015258789,68.5,69.1999969482422
5095,67.1999969482422,66.3000030517578,68.0999984741211,69.0,69.5999984741211
5096,65.5,64.6999969482422,65.6999969482422,66.6999969482422,67.3000030517578
5108,60.0,59.0999984741211,54.5999984741211,56.0,56.5999984741211
5109,61.2999992370605,60.4000015258789,57.0999984741211,57.7000007629395,58.2000007629395
5110,61.2999992370605,60.4000015258789,57.0999984741211,57.7000007629395,58.2000007629395
5112,58.0999984741211,57.2999992370605,52.4000015258789,53.9000015258789,54.5
5113,58.0999984741211,57.2999992370605,52.4000015258789,53.9000015258789,54.5
5114,62.9000015258789,62.0999984741211,55.2000007629395,55.9000015258789,56.5
5115,62.9000015258789,62.0999984741211,55.2000007629395,55.9000015258789,56.5
5116,59.5999984741211,58.9000015258789,54.0999984741211,54.7000007629395,55.2999992370605
5117,59.5999984741211,58.9000015258789,54.0999984741211,54.7000007629395,55.2999992370605
5118,69.9000015258789,69.0,56.2000007629395,57.2999992370605,57.7999992370605
5119,69.9000015258789,69.0,56.2000007629395,57.2999992370605,57.7999992370605
5123,66.5999984741211,65.5999984741211,66.5999984741211,66.9000015258789,67.8000030517578
5124,67.4000015258789,66.4000015258789,67.3000030517578,67.5999984741211,68.5
5125,65.3000030517578,64.3000030517578,65.4000015258789,65.5999984741211,66.5
5126,65.0999984741211,64.0999984741211,65.1999969482422,65.3000030517578,65.9000015258789
5127,66.4000015258789,65.5999984741211,66.4000015258789,66.5,67.3000030517578
5128,65.8000030517578,65.0,65.9000015258789,66.1999969482422,67.0
5129,65.0999984741211,64.3000030517578,65.0,65.4000015258789,66.1999969482422
5130,65.0999984741211,64.3000030517578,65.0,65.4000015258789,66.1999969482422
5132,67.1999969482422,66.1999969482422,67.0,67.3000030517578,68.1999969482422
5133,66.0,64.9000015258789,65.8000030517578,66.1999969482422,67.0999984741211
5134,68.4000015258789,67.4000015258789,68.3000030517578,68.5999984741211,69.5
5135,68.0,66.9000015258789,67.8000030517578,68.1999969482422,69.0999984741211
5137,67.4000015258789,66.4000015258789,67.3000030517578,67.5999984741211,68.5
5138,66.3000030517578,65.3000030517578,66.0999984741211,66.4000015258789,67.3000030517578
5139,55.9000015258789,54.7000007629395,55.7999992370605,56.2000007629395,57.0999984741211
5140,59.5999984741211,58.4000015258789,59.5,59.7999992370605,60.7999992370605
5141,56.0999984741211,54.9000015258789,56.0,56.4000015258789,57.2999992370605
5142,56.0999984741211,54.9000015258789,56.0,56.4000015258789,57.2999992370605
5146,61.4000015258789,60.5,61.5999984741211,61.7999992370605,62.5
5147,65.6999969482422,64.6999969482422,65.8000030517578,66.0999984741211,66.9000015258789
5148,65.6999969482422,64.6999969482422,65.8000030517578,66.0999984741211,66.9000015258789
5149,65.6999969482422,64.6999969482422,65.8000030517578,66.0999984741211,66.9000015258789
5150,67.0,65.8000030517578,66.9000015258789,67.0,67.8000030517578
5151,58.5,57.2999992370605,58.4000015258789,58.7000007629395,59.2999992370605
5152,67.0,65.8000030517578,66.9000015258789,67.0,67.8000030517578
5153,58.0,56.7000007629395,57.7999992370605,58.2000007629395,58.7999992370605
5155,68.0,63.2999992370605,64.5999984741211,64.6999969482422,65.1999969482422
5156,65.3000030517578,64.1999969482422,65.5,65.6999969482422,66.1999969482422
5157,66.5999984741211,65.5,66.5,66.9000015258789,67.6999969482422
5159,56.0,55.0,56.2999992370605,56.4000015258789,56.9000015258789
5160,56.0,55.0,56.2999992370605,56.4000015258789,56.9000015258789
5165,69.1999969482422,67.8000030517578,68.9000015258789,69.3000030517578,69.9000015258789
5166,69.1999969482422,67.8000030517578,68.9000015258789,69.3000030517578,69.9000015258789
5167,68.1999969482422,67.0,68.0999984741211,68.3000030517578,69.0
5169,70.5999984741211,69.3000030517578,70.5,70.9000015258789,71.5999984741211
5170,54.7999992370605,54.0,55.2000007629395,55.2000007629395,55.7999992370605
5171,54.7999992370605,54.0,55.2000007629395,55.2000007629395,55.7999992370605
5173,62.5999984741211,61.7000007629395,62.7999992370605,63.2999992370605,64.0
5174,67.0999984741211,66.1999969482422,67.4000015258789,68.0,68.5999984741211
5175,62.5999984741211,61.7000007629395,62.7999992370605,63.2999992370605,64.0
5176,67.0999984741211,66.1999969482422,67.4000015258789,68.0,68.5999984741211
5178,71.0999984741211,69.9000015258789,71.0999984741211,71.5,72.1999969482422
5179,64.5,63.5999984741211,64.8000030517578,65.1999969482422,65.8000030517578
5180,64.5,63.5999984741211,64.8000030517578,65.1999969482422,65.8000030517578
5181,63.7999992370605,63.0,64.0999984741211,65.1999969482422,65.9000015258789
5182,63.7999992370605,63.0,64.0999984741211,65.1999969482422,65.9000015258789
5183,57.9000015258789,56.9000015258789,58.0,58.7000007629395,59.4000015258789
5184,70.9000015258789,69.8000030517578,71.0,71.5999984741211,72.4000015258789
5185,66.4000015258789,65.3000030517578,66.5,67.5999984741211,68.3000030517578
5186,68.4000015258789,67.5999984741211,68.5999984741211,69.6999969482422,70.5
5187,68.4000015258789,67.5999984741211,68.5999984741211,69.6999969482422,70.5
5188,68.4000015258789,67.5999984741211,68.5999984741211,69.6999969482422,70.5
5189,59.5,58.5999984741211,59.7000007629395,60.7000007629395,61.4000015258789
5191,68.0999984741211,67.0999984741211,68.1999969482422,69.3000030517578,70.0999984741211
5192,67.1999969482422,65.9000015258789,67.0999984741211,67.6999969482422,68.3000030517578
5194,66.6999969482422,65.9000015258789,67.0999984741211,67.9000015258789,68.5
5195,47.2999992370605,46.4000015258789,47.5999984741211,48.2999992370605,48.9000015258789
5205,64.8000030517578,63.7999992370605,64.6999969482422,65.6999969482422,66.0999984741211
5206,67.3000030517578,66.0,67.1999969482422,67.8000030517578,68.1999969482422
5207,66.5999984741211,65.4000015258789,66.5999984741211,67.1999969482422,67.5999984741211
5208,52.9000015258789,51.7000007629395,53.0,53.5,54.0
5210,56.5,55.4000015258789,56.7999992370605,57.2000007629395,58.2000007629395
5212,63.5,62.7999992370605,63.0,63.9000015258789,64.1999969482422
5213,63.5,62.7999992370605,63.0,63.9000015258789,64.1999969482422
5214,66.8000030517578,65.8000030517578,67.3000030517578,68.0,68.4000015258789
5215,66.8000030517578,65.8000030517578,67.3000030517578,68.0,68.4000015258789
5216,65.1999969482422,64.3000030517578,62.7999992370605,63.4000015258789,63.5999984741211
5220,65.9000015258789,64.6999969482422,65.9000015258789,66.5,66.9000015258789
5221,66.8000030517578,65.5999984741211,66.9000015258789,67.5,67.8000030517578
5222,67.0,65.8000030517578,67.0999984741211,67.6999969482422,68.0
5223,66.4000015258789,65.1999969482422,66.4000015258789,67.0999984741211,67.4000015258789
5224,66.6999969482422,65.5,66.6999969482422,67.4000015258789,67.6999969482422
5225,67.9000015258789,66.5999984741211,67.9000015258789,68.5999984741211,68.9000015258789
5227,54.0999984741211,53.2000007629395,54.4000015258789,55.2000007629395,55.7999992370605
5228,67.5999984741211,66.6999969482422,67.9000015258789,68.6999969482422,69.3000030517578
5229,67.0,66.3000030517578,67.3000030517578,67.8000030517578,68.4000015258789
5237,63.4000015258789,62.5,63.7000007629395,64.5,65.0
5238,54.0999984741211,53.0,54.0999984741211,54.9000015258789,55.5
5239,66.3000030517578,65.0,66.0999984741211,67.0,67.5
5240,65.5999984741211,64.4000015258789,65.5,66.3000030517578,66.8000030517578
5241,68.4000015258789,67.1999969482422,68.4000015258789,69.0,69.5
5242,68.1999969482422,67.0,68.1999969482422,68.9000015258789,69.3000030517578
5251,49.5,48.7999992370605,49.7999992370605,50.4000015258789,51.0
5507,63.7000007629395,63.0999984741211,64.0,64.5,65.3000030517578
5508,63.2999992370605,62.7000007629395,63.5999984741211,64.1999969482422,64.9000015258789
5510,69.0999984741211,68.5,69.3000030517578,69.8000030517578,70.5
5511,68.8000030517578,68.1999969482422,69.0,69.4000015258789,70.0999984741211
5514,69.4000015258789,68.6999969482422,69.6999969482422,70.1999969482422,70.8000030517578
5515,69.8000030517578,69.1999969482422,70.0999984741211,70.6999969482422,71.3000030517578
5518,63.4000015258789,62.5999984741211,63.5999984741211,64.0,64.6999969482422
5519,62.9000015258789,62.2000007629395,63.2000007629395,63.5,64.3000030517578
5522,65.4000015258789,65.3000030517578,66.3000030517578,66.8000030517578,67.1999969482422
5523,64.0,63.9000015258789,64.9000015258789,65.5,65.9000015258789
5533,58.7000007629395,58.2000007629395,59.2000007629395,58.5,59.2999992370605
5534,62.7000007629395,62.2000007629395,63.2000007629395,63.9000015258789,64.6999969482422
5536,61.7000007629395,61.0,62.2999992370605,62.9000015258789,63.5999984741211
5540,60.5999984741211,60.0,61.4000015258789,61.7000007629395,62.2000007629395
5541,63.0,62.5,63.7999992370605,64.1999969482422,64.5999984741211
5542,64.8000030517578,64.4000015258789,65.5999984741211,66.0,66.5
5543,59.9000015258789,59.5,60.5,61.0,61.7000007629395
5544,68.8000030517578,68.5999984741211,66.3000030517578,67.6999969482422,68.4000015258789
5545,68.5999984741211,68.5,66.0999984741211,67.5999984741211,68.3000030517578
5546,65.8000030517578,65.5999984741211,63.4000015258789,64.8000030517578,65.5999984741211
5547,69.1999969482422,69.0999984741211,66.5999984741211,68.1999969482422,68.8000030517578
5552,68.0999984741211,67.9000015258789,65.5999984741211,67.0999984741211,67.8000030517578
5553,68.5999984741211,68.4000015258789,66.0,67.5999984741211,68.1999969482422
5562,67.0999984741211,66.6999969482422,64.4000015258789,65.8000030517578,66.5
5563,66.5,66.1999969482422,63.7000007629395,65.1999969482422,65.8000030517578
5566,60.9000015258789,60.5,62.0,62.2999992370605,62.7999992370605
5567,64.8000030517578,64.3000030517578,65.3000030517578,65.5999984741211,66.1999969482422
5568,49.4000015258789,50.0999984741211,53.0,52.5,52.5999984741211
5569,66.3000030517578,65.0999984741211,67.0999984741211,67.4000015258789,67.6999969482422
5570,67.1999969482422,66.0,68.0,68.3000030517578,68.5999984741211
5573,61.2999992370605,60.5999984741211,61.9000015258789,61.7000007629395,62.0999984741211
5574,54.2000007629395,53.5999984741211,54.4000015258789,54.5,55.0
5575,51.9000015258789,51.2999992370605,52.2999992370605,52.2000007629395,52.7999992370605
5577,52.2999992370605,51.7000007629395,53.0,52.9000015258789,53.4000015258789
5578,52.4000015258789,51.9000015258789,52.5999984741211,52.7000007629395,53.2000007629395
5582,64.0999984741211,63.2999992370605,64.3000030517578,64.5,65.0
5583,61.5,60.5,57.7000007629395,60.2999992370605,60.7999992370605
5588,60.0,59.0999984741211,58.9000015258789,59.9000015258789,60.5
5589,64.0999984741211,63.2999992370605,64.3000030517578,64.5,65.0
5590,61.5,60.5,57.7000007629395,60.2999992370605,60.7999992370605
5591,64.6999969482422,64.0,65.0999984741211,65.4000015258789,65.8000030517578
5593,70.0999984741211,69.1999969482422,71.3000030517578,71.1999969482422,71.5999984741211
5594,70.0999984741211,69.1999969482422,71.3000030517578,71.1999969482422,71.5999984741211
5597,61.0,60.9000015258789,62.0,62.5,63.0999984741211
5598,61.0,60.9000015258789,62.0,62.5,63.0999984741211
5599,61.0,60.9000015258789,62.0,62.5,63.0999984741211
5602,55.4000015258789,54.2999992370605,56.0999984741211,56.4000015258789,56.7000007629395
5603,66.1999969482422,65.0,66.8000030517578,67.3000030517578,67.5
5604,69.5999984741211,69.0,70.5999984741211,70.6999969482422,71.0
5605,70.5,69.9000015258789,71.5999984741211,71.5999984741211,71.9000015258789
5611,70.3000030517578,69.5,71.5,71.5,71.8000030517578
5612,69.6999969482422,68.9000015258789,70.8000030517578,70.8000030517578,71.3000030517578
5613,66.8000030517578,65.6999969482422,67.5,67.8000030517578,67.9000015258789
5614,68.1999969482422,67.0999984741211,68.9000015258789,69.1999969482422,69.4000015258789
5615,71.9000015258789,70.9000015258789,72.6999969482422,73.0,73.0999984741211
5629,72.0,71.0,72.8000030517578,73.0999984741211,73.3000030517578
5631,65.1999969482422,64.0999984741211,65.9000015258789,66.1999969482422,66.4000015258789
5632,65.1999969482422,64.0999984741211,65.9000015258789,66.1999969482422,66.4000015258789
5634,56.7999992370605,55.7000007629395,57.5,57.7999992370605,58.0
5640,62.0999984741211,61.0999984741211,63.0,63.2999992370605,63.7000007629395
5642,66.3000030517578,66.4000015258789,67.5999984741211,68.1999969482422,68.6999969482422
5643,66.0,66.0999984741211,67.3000030517578,67.9000015258789,68.4000015258789
5644,65.5999984741211,65.5999984741211,66.8000030517578,67.4000015258789,67.9000015258789
5645,62.9000015258789,62.5,63.2000007629395,64.0999984741211,64.9000015258789
5647,62.2999992370605,61.9000015258789,62.5,63.5,64.3000030517578
5648,62.2999992370605,61.9000015258789,62.5,63.5,64.3000030517578
5649,56.5,55.9000015258789,57.5999984741211,57.2999992370605,57.7000007629395
5650,56.5,55.9000015258789,57.5999984741211,57.2999992370605,57.7000007629395
5651,64.1999969482422,63.5,64.0,64.0999984741211,64.5
5652,64.1999969482422,63.5,64.0,64.0999984741211,64.5
5653,49.0999984741211,48.5999984741211,51.7999992370605,51.7000007629395,52.2999992370605
5654,57.0999984741211,56.5,58.2999992370605,58.0999984741211,58.5
5655,68.5999984741211,68.0,69.8000030517578,69.5,69.9000015258789
5658,52.5,51.9000015258789,55.0,54.9000015258789,55.5
5660,59.2000007629395,58.7999992370605,59.5,60.4000015258789,61.2000007629395
5662,62.7999992370605,63.0,64.0999984741211,64.9000015258789,65.4000015258789
5663,57.5,56.2000007629395,57.2000007629395,58.2000007629395,59.0
5664,56.2999992370605,56.2999992370605,57.4000015258789,58.2000007629395,58.7999992370605
5665,61.5,61.7000007629395,62.7000007629395,63.5999984741211,64.0999984741211
5666,61.2000007629395,59.7999992370605,60.7000007629395,61.7999992370605,62.5999984741211
5668,61.2000007629395,59.7999992370605,60.7000007629395,61.7999992370605,62.5999984741211
5673,56.2999992370605,55.2999992370605,52.7999992370605,55.0999984741211,55.7000007629395
5676,57.0999984741211,56.2000007629395,54.0,56.0,56.5999984741211
5684,68.4000015258789,67.5999984741211,66.5999984741211,67.9000015258789,68.3000030517578
5688,63.2000007629395,62.5,63.7000007629395,64.1999969482422,64.8000030517578
5689,64.8000030517578,64.0999984741211,65.3000030517578,65.9000015258789,66.4000015258789
5690,55.2000007629395,54.5,55.5,55.9000015258789,56.2000007629395
5691,64.4000015258789,63.5999984741211,65.8000030517578,66.0,66.3000030517578
5692,54.5,53.7999992370605,54.2000007629395,54.9000015258789,55.2999992370605
5693,61.7000007629395,60.7999992370605,59.2999992370605,60.2999992370605,60.7000007629395
5694,61.7000007629395,60.7999992370605,59.2999992370605,60.2999992370605,60.7000007629395
5696,58.0999984741211,57.2000007629395,57.0999984741211,57.7000007629395,58.0999984741211
5697,58.0999984741211,57.2000007629395,57.0999984741211,57.7000007629395,58.0999984741211
5698,68.6999969482422,67.8000030517578,69.5,69.5999984741211,69.8000030517578
5699,58.4000015258789,57.7000007629395,59.7999992370605,59.7999992370605,60.0
5703,57.7999992370605,57.0999984741211,56.2000007629395,57.5,57.9000015258789
5704,55.4000015258789,54.5999984741211,53.7000007629395,55.0,55.4000015258789
5706,59.0,58.4000015258789,57.0999984741211,58.5999984741211,59.0999984741211
5707,58.2999992370605,57.7000007629395,56.4000015258789,57.9000015258789,58.2999992370605
5708,53.2000007629395,52.5999984741211,51.2000007629395,52.7999992370605,53.2999992370605
5709,69.6999969482422,68.8000030517578,67.4000015258789,69.0,69.5999984741211
5710,70.3000030517578,69.5,68.5999984741211,69.8000030517578,70.1999969482422
5714,68.9000015258789,68.0,68.9000015258789,69.8000030517578,70.4000015258789
5715,68.3000030517578,67.5999984741211,68.8000030517578,69.4000015258789,69.9000015258789
5716,55.2999992370605,54.5999984741211,55.9000015258789,56.4000015258789,57.0
5718,61.0,60.2999992370605,61.4000015258789,62.0,62.5999984741211
5721,66.6999969482422,65.9000015258789,67.5,67.5999984741211,67.8000030517578
5722,58.9000015258789,58.0,59.7999992370605,59.7999992370605,60.0999984741211
5726,59.7999992370605,59.0,60.5999984741211,60.7999992370605,61.0
5727,59.7999992370605,59.0,60.5999984741211,60.7999992370605,61.0
5728,64.1999969482422,63.4000015258789,65.0,65.0999984741211,65.3000030517578
5729,64.1999969482422,63.4000015258789,65.0,65.0999984741211,65.3000030517578
5731,61.7999992370605,61.0,62.5,62.7000007629395,62.9000015258789
5732,61.7999992370605,61.0,62.5,62.7000007629395,62.9000015258789
5733,66.4000015258789,65.5999984741211,67.1999969482422,67.3000030517578,67.5999984741211
5734,66.4000015258789,65.5999984741211,67.1999969482422,67.3000030517578,67.5999984741211
5735,61.7999992370605,61.0,62.5,62.7000007629395,62.9000015258789
5737,63.5,62.7000007629395,62.7999992370605,63.5,63.7999992370605
5738,63.5,62.7000007629395,62.7999992370605,63.5,63.7999992370605
5739,65.3000030517578,64.4000015258789,65.4000015258789,66.1999969482422,66.8000030517578
5740,68.5999984741211,67.5999984741211,68.5999984741211,69.4000015258789,70.0
5746,68.0999984741211,67.5999984741211,67.5999984741211,68.4000015258789,69.1999969482422
5747,68.0999984741211,67.5999984741211,67.5999984741211,68.4000015258789,69.1999969482422
5749,65.6999969482422,65.1999969482422,64.4000015258789,65.8000030517578,66.8000030517578
5750,66.9000015258789,66.4000015258789,65.5999984741211,66.6999969482422,67.8000030517578
5751,66.9000015258789,66.4000015258789,65.5999984741211,66.6999969482422,67.8000030517578
5752,66.0999984741211,65.5999984741211,64.9000015258789,66.1999969482422,67.1999969482422
5753,63.5999984741211,63.2000007629395,63.2000007629395,63.2999992370605,63.7000007629395
5755,71.0999984741211,70.5999984741211,70.5,71.0999984741211,71.8000030517578
5756,69.5,69.0,68.0,68.8000030517578,69.4000015258789
5757,69.5,69.0,68.0,68.8000030517578,69.4000015258789
5758,63.5999984741211,63.2000007629395,63.2000007629395,63.2999992370605,63.7000007629395
5766,46.7000007629395,46.2999992370605,56.9000015258789,56.7999992370605,57.2999992370605
5767,41.5,41.0,64.9000015258789,65.0999984741211,65.5999984741211
5768,42.5999984741211,42.0,64.4000015258789,64.5999984741211,65.0999984741211
5769,68.5999984741211,67.9000015258789,67.3000030517578,68.1999969482422,68.8000030517578
5770,65.1999969482422,64.5,64.0999984741211,64.9000015258789,65.5999984741211
5771,65.1999969482422,64.5,64.0999984741211,64.9000015258789,65.5999984741211
5781,65.0,64.6999969482422,63.0,62.2999992370605,62.7999992370605
5782,63.7000007629395,63.4000015258789,61.5999984741211,59.7999992370605,60.2999992370605
5787,64.0,63.4000015258789,62.7000007629395,63.2000007629395,63.7000007629395
5788,64.0,63.4000015258789,62.7000007629395,63.2000007629395,63.7000007629395
5789,63.4000015258789,63.0999984741211,62.2000007629395,62.5,63.0999984741211
5790,64.0,63.7000007629395,62.7000007629395,63.2999992370605,64.0
5791,65.5,65.0999984741211,64.8000030517578,65.1999969482422,65.5999984741211
5792,65.5,65.0999984741211,64.8000030517578,65.1999969482422,65.5999984741211
5797,61.7000007629395,61.2999992370605,62.0999984741211,62.4000015258789,62.5
5799,59.0,58.7000007629395,57.7999992370605,60.0999984741211,60.9000015258789
5800,61.5999984741211,61.2000007629395,61.2000007629395,62.2999992370605,63.0
5803,59.0999984741211,58.7999992370605,58.7999992370605,60.0999984741211,60.5999984741211
5821,59.5,58.9000015258789,59.9000015258789,60.2000007629395,60.7000007629395
5822,59.5,58.9000015258789,59.9000015258789,60.2000007629395,60.7000007629395
5823,62.2999992370605,61.7999992370605,62.7000007629395,63.0,63.5
5824,60.7000007629395,60.0999984741211,61.0,61.2999992370605,61.7999992370605
5826,62.4000015258789,61.5,63.0999984741211,63.4000015258789,63.4000015258789
5838,60.0,59.2999992370605,61.2999992370605,60.9000015258789,61.5
5839,60.0,59.2999992370605,61.2999992370605,60.9000015258789,61.5
5840,63.2000007629395,62.4000015258789,63.5,64.0,64.6999969482422
5843,68.6999969482422,68.1999969482422,69.0,69.5999984741211,70.0999984741211
5845,65.0999984741211,64.3000030517578,65.4000015258789,65.8000030517578,66.3000030517578
5846,64.1999969482422,63.5999984741211,64.1999969482422,64.6999969482422,65.1999969482422
5847,68.3000030517578,67.6999969482422,68.5999984741211,69.0,69.3000030517578
5848,56.0999984741211,55.5,56.2999992370605,56.7999992370605,57.2999992370605
5849,56.0999984741211,55.5,56.2999992370605,56.7999992370605,57.2999992370605
5850,66.5,65.8000030517578,66.6999969482422,67.0,67.1999969482422
5851,64.3000030517578,63.7999992370605,64.5999984741211,64.9000015258789,65.5
5852,60.4000015258789,59.7000007629395,61.5,61.2000007629395,61.7999992370605
5854,63.0,62.5,63.2000007629395,63.7000007629395,64.3000030517578
5855,63.0,62.5,63.2000007629395,63.7000007629395,64.3000030517578
5856,63.0,62.5,63.2000007629395,63.7000007629395,64.3000030517578
5858,67.8000030517578,67.0,68.1999969482422,68.1999969482422,68.6999969482422
5859,69.3000030517578,68.4000015258789,69.9000015258789,70.0999984741211,70.4000015258789
5860,69.3000030517578,68.4000015258789,69.9000015258789,70.0999984741211,70.4000015258789
5861,69.0999984741211,68.3000030517578,69.8000030517578,69.9000015258789,70.1999969482422
5862,69.0999984741211,68.3000030517578,69.8000030517578,69.9000015258789,70.1999969482422
5863,68.0,67.1999969482422,68.6999969482422,68.9000015258789,69.1999969482422
5864,68.0,67.1999969482422,68.6999969482422,68.9000015258789,69.1999969482422
5865,67.6999969482422,67.0,68.1999969482422,68.0999984741211,68.5999984741211
5867,59.7000007629395,58.7999992370605,60.0,60.2999992370605,60.7999992370605
5868,58.0,57.0999984741211,58.2000007629395,58.2000007629395,58.7000007629395
5869,66.0,65.1999969482422,66.1999969482422,66.4000015258789,67.0999984741211
5870,66.0999984741211,65.3000030517578,66.3000030517578,66.5999984741211,67.3000030517578
5874,63.2000007629395,62.4000015258789,63.9000015258789,64.0,64.3000030517578
5875,64.0,63.2000007629395,64.6999969482422,64.9000015258789,65.0999984741211
5876,61.0,60.2000007629395,61.7000007629395,61.9000015258789,62.2000007629395
5877,64.0999984741211,63.2999992370605,64.9000015258789,65.0,65.3000030517578
5878,64.0,63.2000007629395,64.6999969482422,64.9000015258789,65.0999984741211
5879,64.0999984741211,63.2999992370605,64.9000015258789,65.0,65.3000030517578
5883,70.5999984741211,70.1999969482422,70.5999984741211,71.3000030517578,71.8000030517578
5884,70.5999984741211,70.1999969482422,70.5999984741211,71.3000030517578,71.8000030517578
5885,68.0999984741211,67.6999969482422,68.4000015258789,68.8000030517578,69.1999969482422
5886,70.5999984741211,70.1999969482422,70.5999984741211,71.3000030517578,71.8000030517578
5887,69.0999984741211,68.5999984741211,69.1999969482422,69.5999984741211,70.1999969482422
5888,51.5999984741211,51.0999984741211,51.7000007629395,52.2999992370605,52.9000015258789
5889,66.4000015258789,65.8000030517578,66.5999984741211,66.8000030517578,67.5999984741211
5890,57.5,56.7999992370605,57.9000015258789,58.0999984741211,58.5
5891,52.7999992370605,52.2999992370605,53.0,54.0,54.7000007629395
5892,65.9000015258789,65.4000015258789,66.0,66.8000030517578,67.4000015258789
5894,69.3000030517578,68.3000030517578,69.5999984741211,70.0,70.1999969482422
5895,70.1999969482422,68.8000030517578,69.9000015258789,70.0999984741211,70.5999984741211
5906,67.6999969482422,66.9000015258789,67.9000015258789,68.1999969482422,69.0
5914,69.5999984741211,68.5,69.4000015258789,70.3000030517578,70.8000030517578
5915,69.0,67.9000015258789,68.9000015258789,69.6999969482422,70.1999969482422
5917,69.5,68.4000015258789,69.4000015258789,70.1999969482422,70.6999969482422
5918,69.5,68.4000015258789,69.4000015258789,70.3000030517578,70.6999969482422
5920,65.4000015258789,64.1999969482422,65.4000015258789,66.0,66.4000015258789
5925,64.5999984741211,63.4000015258789,64.5,65.0999984741211,65.5999984741211
5926,66.5999984741211,65.5999984741211,66.5999984741211,67.1999969482422,67.6999969482422
5927,67.1999969482422,66.1999969482422,67.1999969482422,67.8000030517578,68.3000030517578
5932,69.4000015258789,67.9000015258789,69.1999969482422,69.5999984741211,70.0999984741211
5933,69.4000015258789,67.9000015258789,69.1999969482422,69.5999984741211,70.0999984741211
5935,62.2999992370605,61.5,62.4000015258789,63.2000007629395,63.7999992370605
5936,62.2999992370605,61.5,62.4000015258789,63.2000007629395,63.7999992370605
5938,69.9000015258789,69.0,69.9000015258789,70.9000015258789,71.4000015258789
5949,55.7999992370605,55.2999992370605,56.2000007629395,56.5,57.0
5950,55.7999992370605,55.2999992370605,56.2000007629395,56.5,57.0
5951,67.3000030517578,67.0999984741211,67.6999969482422,68.0999984741211,68.5999984741211
5952,68.6999969482422,68.0,69.0999984741211,69.3000030517578,69.8000030517578
5953,58.5,57.7999992370605,58.9000015258789,59.0999984741211,59.5
5954,56.0999984741211,55.5,56.5,56.7999992370605,57.2000007629395
5955,63.0,62.9000015258789,63.2999992370605,63.7000007629395,64.4000015258789
5956,58.7999992370605,58.2000007629395,59.2999992370605,59.4000015258789,59.9000015258789
5957,58.5999984741211,58.0,59.0999984741211,59.2999992370605,59.7999992370605
5962,57.7000007629395,57.0999984741211,58.5,57.7000007629395,58.0
5964,59.4000015258789,58.7000007629395,59.7999992370605,60.0,60.4000015258789
5967,68.0999984741211,67.5,68.5,68.6999969482422,69.0
5968,67.3000030517578,66.6999969482422,67.6999969482422,67.8000030517578,68.1999969482422
5971,61.9000015258789,61.5,62.0999984741211,61.9000015258789,62.4000015258789
5972,61.9000015258789,61.5,62.0999984741211,61.9000015258789,62.4000015258789
5973,69.5,69.0,69.8000030517578,70.1999969482422,70.8000030517578
5974,69.5,69.0,69.8000030517578,70.1999969482422,70.8000030517578
5975,68.6999969482422,68.3000030517578,69.0999984741211,69.5999984741211,70.0999984741211
5976,68.6999969482422,68.3000030517578,69.0999984741211,69.5999984741211,70.0999984741211
5977,65.4000015258789,64.6999969482422,65.5999984741211,66.0999984741211,66.5999984741211
5978,59.7000007629395,59.0999984741211,60.0,60.5999984741211,61.0999984741211
5979,65.5,65.0,65.9000015258789,66.4000015258789,67.0
5980,56.0,55.4000015258789,56.5,56.7000007629395,57.0999984741211
5981,56.0,55.4000015258789,56.5,56.7000007629395,57.0999984741211
5982,59.2000007629395,58.7000007629395,59.5999984741211,59.9000015258789,60.2999992370605
5984,64.1999969482422,62.5999984741211,64.5,65.0,65.1999969482422
5994,55.2000007629395,54.5,55.7000007629395,55.9000015258789,56.2999992370605
5995,55.2000007629395,54.5,55.7000007629395,55.9000015258789,56.2999992370605
5996,55.2999992370605,54.5999984741211,55.5,55.7999992370605,56.0999984741211
5997,55.2999992370605,54.5999984741211,55.5,55.7999992370605,56.0999984741211
5998,53.7000007629395,53.0,53.9000015258789,54.2999992370605,54.5999984741211
5999,53.7000007629395,53.0,53.9000015258789,54.2999992370605,54.5999984741211
6000,53.7000007629395,53.0,53.9000015258789,54.2999992370605,54.5999984741211
6014,70.5999984741211,69.4000015258789,70.4000015258789,71.5,72.1999969482422
6015,70.5,69.4000015258789,70.1999969482422,71.1999969482422,71.9000015258789
6028,54.9000015258789,53.9000015258789,55.0999984741211,55.7999992370605,56.5
6029,61.5999984741211,60.5,61.7999992370605,62.5,63.0999984741211
6033,64.6999969482422,64.1999969482422,63.4000015258789,64.0,64.3000030517578
6034,64.6999969482422,64.1999969482422,63.4000015258789,64.0,64.3000030517578
6035,66.1999969482422,65.4000015258789,63.2999992370605,64.5,65.3000030517578
6036,66.1999969482422,65.4000015258789,63.2999992370605,64.5,65.3000030517578
6037,66.6999969482422,65.9000015258789,63.7000007629395,65.0,65.6999969482422
6038,66.6999969482422,65.9000015258789,63.7000007629395,65.0,65.6999969482422
6039,68.4000015258789,67.4000015258789,68.5999984741211,69.4000015258789,70.0
6040,54.0,53.0,54.2999992370605,54.9000015258789,55.5999984741211
6041,57.5999984741211,57.2999992370605,56.4000015258789,57.2000007629395,57.9000015258789
6042,54.7999992370605,54.2999992370605,54.7000007629395,55.5,56.2000007629395
6045,60.2999992370605,59.4000015258789,60.5999984741211,61.2999992370605,62.0
6046,59.9000015258789,58.9000015258789,60.0999984741211,60.9000015258789,61.5
6048,69.3000030517578,68.0999984741211,69.1999969482422,70.4000015258789,71.1999969482422
6049,69.4000015258789,68.4000015258789,64.5,65.4000015258789,66.0999984741211
6051,57.7999992370605,56.7999992370605,57.9000015258789,58.7999992370605,59.5
6052,57.5,56.5,57.7000007629395,58.5999984741211,59.2000007629395
6066,67.9000015258789,67.9000015258789,63.7000007629395,64.3000030517578,64.5999984741211
6067,65.5999984741211,65.3000030517578,59.5,60.2999992370605,61.0
6068,65.5999984741211,65.0,67.4000015258789,68.1999969482422,68.9000015258789
6069,65.5999984741211,65.0,67.4000015258789,68.1999969482422,68.9000015258789
6070,59.4000015258789,58.5,59.7000007629395,60.5,61.2000007629395
6071,59.4000015258789,58.5,59.7000007629395,60.5,61.2000007629395
6073,65.5999984741211,64.4000015258789,62.2999992370605,63.2999992370605,64.0
6074,65.5999984741211,64.4000015258789,62.2999992370605,63.2999992370605,64.0
6075,70.5999984741211,69.4000015258789,70.0,71.0,71.6999969482422
6076,70.5,69.3000030517578,70.1999969482422,71.4000015258789,72.0999984741211
6077,69.9000015258789,68.6999969482422,69.8000030517578,70.9000015258789,71.6999969482422
6078,70.3000030517578,69.0999984741211,61.5,62.7000007629395,63.4000015258789
6079,70.8000030517578,69.6999969482422,70.5,71.5,72.1999969482422
6080,66.8000030517578,66.1999969482422,67.4000015258789,68.1999969482422,68.8000030517578
6081,66.0999984741211,65.5,57.5999984741211,58.2999992370605,58.7000007629395
6100,69.5,68.5,69.5999984741211,70.0,70.5999984741211
6101,67.1999969482422,66.1999969482422,67.4000015258789,67.6999969482422,68.3000030517578
6103,57.9000015258789,57.0999984741211,58.0999984741211,58.5,59.0999984741211
6104,68.5,67.5999984741211,68.6999969482422,69.0999984741211,69.5999984741211
6106,69.6999969482422,68.8000030517578,67.5999984741211,68.5999984741211,69.5
6107,69.6999969482422,68.8000030517578,67.5999984741211,68.5999984741211,69.5
6109,71.6999969482422,70.9000015258789,71.8000030517578,72.0999984741211,72.1999969482422
6110,65.1999969482422,64.4000015258789,58.7000007629395,59.0,59.2000007629395
6113,66.3000030517578,65.4000015258789,63.5,64.3000030517578,64.6999969482422
6114,53.7999992370605,52.7999992370605,51.4000015258789,52.0999984741211,52.7000007629395
6115,66.3000030517578,65.4000015258789,63.5,64.3000030517578,64.6999969482422
6116,53.7999992370605,52.7999992370605,51.4000015258789,52.0999984741211,52.7000007629395
6121,60.7999992370605,59.7000007629395,59.4000015258789,60.2999992370605,60.9000015258789
6124,71.3000030517578,70.4000015258789,71.4000015258789,71.6999969482422,71.9000015258789
6125,69.1999969482422,68.3000030517578,59.2000007629395,59.5,59.7000007629395
6126,69.1999969482422,68.0,66.8000030517578,67.8000030517578,68.4000015258789
6129,64.9000015258789,63.9000015258789,65.0999984741211,65.4000015258789,66.0
6133,69.0,67.6999969482422,68.0999984741211,69.0999984741211,69.8000030517578
6586,66.6999969482422,65.6999969482422,66.6999969482422,66.8000030517578,67.6999969482422
6587,66.4000015258789,65.3000030517578,66.3000030517578,66.4000015258789,67.3000030517578
6588,66.3000030517578,65.3000030517578,66.3000030517578,66.3000030517578,67.1999969482422
6589,65.0999984741211,64.0,65.0,65.0999984741211,65.9000015258789
6590,66.0,63.7999992370605,64.8000030517578,64.8000030517578,65.6999969482422
6598,66.5,64.3000030517578,65.3000030517578,65.3000030517578,66.1999969482422
6599,67.8000030517578,66.8000030517578,67.8000030517578,67.8000030517578,68.8000030517578
6666,68.0,67.1999969482422,68.5999984741211,68.9000015258789,69.1999969482422
6667,65.5999984741211,64.5999984741211,66.0,66.0999984741211,66.3000030517578
6668,65.5999984741211,64.5999984741211,66.0,66.0999984741211,66.3000030517578
6690,70.9000015258789,70.0999984741211,71.4000015258789,71.8000030517578,72.0999984741211
6691,54.0,53.0,54.5,54.9000015258789,55.2000007629395
6697,66.1999969482422,65.4000015258789,66.6999969482422,67.0999984741211,67.4000015258789
6698,65.9000015258789,65.1999969482422,66.4000015258789,66.8000030517578,67.0999984741211
8204,71.0999984741211,70.0,70.4000015258789,71.0,71.5999984741211
8205,70.9000015258789,69.9000015258789,70.1999969482422,70.8000030517578,71.4000015258789
8211,68.0,67.0,68.0,68.4000015258789,69.0
8212,55.5,54.7000007629395,55.4000015258789,55.7999992370605,56.4000015258789
8213,69.5999984741211,68.5999984741211,69.6999969482422,70.0999984741211,70.6999969482422
8225,64.9000015258789,63.9000015258789,65.0999984741211,65.4000015258789,66.0
8264,69.4000015258789,68.4000015258789,69.5999984741211,70.0,70.1999969482422
8268,66.1999969482422,65.1999969482422,57.0,57.7999992370605,58.2000007629395
8269,67.0,66.0,56.2999992370605,57.2000007629395,57.5999984741211
8270,67.0,66.0,56.2999992370605,57.2000007629395,57.5999984741211
8329,58.5,57.5999984741211,58.2999992370605,58.7999992370605,59.5
8419,67.4000015258789,66.5999984741211,67.0,67.0999984741211,67.6999969482422
8425,67.0,66.0999984741211,67.4000015258789,68.3000030517578,68.9000015258789
8429,61.0,59.9000015258789,61.7999992370605,62.5999984741211,63.0999984741211
8430,63.5,62.2999992370605,64.3000030517578,65.0999984741211,65.5999984741211
8431,54.2000007629395,53.2999992370605,54.0,54.2999992370605,54.7999992370605
8432,68.5999984741211,67.4000015258789,69.4000015258789,70.3000030517578,70.9000015258789
8434,59.5999984741211,58.5,60.2999992370605,61.2000007629395,61.7000007629395
8436,67.8000030517578,66.8000030517578,66.6999969482422,67.5999984741211,68.5
8437,56.5,55.4000015258789,56.7999992370605,57.2000007629395,58.2000007629395
8439,56.9000015258789,56.2000007629395,57.0999984741211,57.4000015258789,57.5
8495,62.0,61.2999992370605,62.4000015258789,63.0,63.7999992370605
8500,59.4000015258789,58.5,59.0999984741211,59.5,59.7999992370605
8511,61.5,60.5,57.7000007629395,60.2999992370605,60.7999992370605
8512,61.5,60.5,57.7000007629395,60.2999992370605,60.7999992370605
8524,53.0,51.7999992370605,53.4000015258789,54.0999984741211,54.7999992370605
8526,60.4000015258789,59.7000007629395,61.2000007629395,62.2999992370605,62.7999992370605
8527,60.4000015258789,59.7000007629395,61.2000007629395,62.2999992370605,62.7999992370605
8529,67.8000030517578,66.6999969482422,50.7999992370605,53.2000007629395,53.4000015258789
8530,66.3000030517578,65.3000030517578,58.5,56.0,56.2999992370605
8531,66.3000030517578,65.3000030517578,58.5,56.0,56.2999992370605
8565,70.5,69.3000030517578,69.9000015258789,70.5999984741211,71.3000030517578
8566,70.5,69.3000030517578,69.9000015258789,70.5999984741211,71.3000030517578
8574,40.7999992370605,39.5,48.0,48.5,49.4000015258789
8577,67.0,66.3000030517578,67.3000030517578,67.8000030517578,68.4000015258789
8578,67.0,66.3000030517578,67.3000030517578,67.8000030517578,68.4000015258789
8933,56.7999992370605,56.2000007629395,57.0999984741211,57.7000007629395,58.0999984741211
8966,68.5999984741211,67.9000015258789,67.3000030517578,68.1999969482422,68.8000030517578
8982,51.5,50.5,51.2999992370605,51.7999992370605,52.5
8983,51.5,50.5,51.2999992370605,51.7999992370605,52.5
8984,50.7000007629395,49.7000007629395,50.7000007629395,51.0999984741211,51.7999992370605
8985,50.7000007629395,49.7000007629395,50.7000007629395,51.0999984741211,51.7999992370605
8986,58.5,57.5999984741211,58.2999992370605,58.7999992370605,59.5
8989,68.8000030517578,67.5999984741211,69.3000030517578,69.9000015258789,70.5999984741211
8990,68.8000030517578,67.5999984741211,69.3000030517578,69.9000015258789,70.5999984741211
8991,64.8000030517578,63.5,65.3000030517578,65.9000015258789,66.6999969482422
8993,66.4000015258789,65.0999984741211,66.8000030517578,67.5,68.0999984741211
8995,66.4000015258789,65.1999969482422,66.8000030517578,67.5,68.1999969482422
8996,67.5999984741211,66.1999969482422,68.0,68.6999969482422,69.4000015258789
8999,65.1999969482422,63.9000015258789,65.5999984741211,66.3000030517578,67.0
9002,68.0999984741211,66.8000030517578,68.5,69.1999969482422,69.9000015258789
9003,67.4000015258789,66.0999984741211,67.9000015258789,68.5999984741211,69.3000030517578
9004,67.0999984741211,65.9000015258789,67.5,68.3000030517578,68.9000015258789
9005,65.4000015258789,64.0999984741211,65.8000030517578,66.5,67.3000030517578
9043,60.9000015258789,60.0,59.4000015258789,60.5,61.2000007629395
9077,65.8000030517578,64.5999984741211,66.1999969482422,66.9000015258789,67.5
9078,64.8000030517578,63.5,65.1999969482422,65.9000015258789,66.6999969482422
9091,63.5,63.2000007629395,62.5999984741211,62.7999992370605,63.2999992370605
9165,59.7999992370605,58.7000007629395,59.7999992370605,60.4000015258789,61.0
9171,67.0,65.8000030517578,67.0,67.5999984741211,68.0999984741211
9176,71.0999984741211,70.0,70.4000015258789,71.0,71.5999984741211
9177,70.9000015258789,69.9000015258789,70.1999969482422,70.8000030517578,71.4000015258789
9185,61.9000015258789,60.7000007629395,61.2000007629395,61.9000015258789,62.5
9186,68.0,66.9000015258789,67.5,68.0,68.5999984741211
9188,71.5,70.3000030517578,70.5999984741211,71.1999969482422,71.8000030517578
9190,61.2999992370605,60.2000007629395,61.2999992370605,61.9000015258789,62.2999992370605
9195,65.6999969482422,64.9000015258789,64.5,65.1999969482422,65.9000015258789
9197,64.9000015258789,64.0999984741211,64.3000030517578,65.0,65.6999969482422
9198,66.1999969482422,64.9000015258789,66.0999984741211,66.6999969482422,67.3000030517578
9199,56.2999992370605,55.2000007629395,56.2999992370605,56.7999992370605,57.4000015258789
9200,66.0,64.8000030517578,66.0,66.5,67.0999984741211
9202,67.0,66.0,56.2999992370605,57.2000007629395,57.5999984741211
9203,65.6999969482422,64.5999984741211,62.5,63.0,63.5
9248,65.6999969482422,64.5999984741211,62.5,63.0,63.5
9250,59.4000015258789,58.2999992370605,60.0999984741211,60.9000015258789,61.5
9251,60.4000015258789,59.0999984741211,61.0999984741211,61.7999992370605,62.4000015258789
9252,57.0,55.9000015258789,57.7000007629395,58.5,59.0
9253,64.1999969482422,63.0999984741211,64.9000015258789,65.5999984741211,66.1999969482422
9254,66.3000030517578,65.0,67.0,67.6999969482422,68.3000030517578
9255,66.3000030517578,65.0,67.0,67.6999969482422,68.3000030517578
9256,64.0,62.7999992370605,64.6999969482422,65.3000030517578,65.9000015258789
9257,65.8000030517578,64.5,66.4000015258789,67.1999969482422,67.6999969482422
9266,64.8000030517578,63.5999984741211,65.5,66.1999969482422,66.8000030517578
9267,63.4000015258789,62.2000007629395,64.0999984741211,64.6999969482422,65.3000030517578
9268,63.4000015258789,62.2000007629395,64.0999984741211,64.6999969482422,65.3000030517578
9269,63.7000007629395,62.5,64.3000030517578,65.0999984741211,65.6999969482422
9274,63.7999992370605,63.0999984741211,64.1999969482422,64.4000015258789,65.1999969482422
9290,65.8000030517578,64.5,66.4000015258789,67.1999969482422,67.6999969482422
9291,64.0,62.7999992370605,64.6999969482422,65.3000030517578,65.9000015258789
9296,66.5999984741211,65.4000015258789,66.5,67.3000030517578,67.5999984741211
9337,67.5999984741211,66.3000030517578,67.8000030517578,68.4000015258789,68.9000015258789
9628,48.5,48.0,48.2999992370605,48.9000015258789,49.7000007629395
9709,71.5,70.0999984741211,71.4000015258789,72.0,72.4000015258789
9710,71.5,70.0999984741211,71.4000015258789,72.0,72.4000015258789
9781,48.7999992370605,47.5999984741211,49.2000007629395,50.0,50.7000007629395
9836,66.5,65.0999984741211,66.8000030517578,67.5,68.3000030517578
9841,66.3000030517578,65.1999969482422,66.5,67.0,68.0
9842,59.2999992370605,58.2000007629395,59.5999984741211,60.0,61.0
9843,66.5,65.4000015258789,66.8000030517578,67.1999969482422,68.1999969482422
9844,66.4000015258789,65.3000030517578,66.6999969482422,67.0999984741211,68.0999984741211
9847,64.8000030517578,63.7000007629395,65.0,65.5999984741211,66.5999984741211
9848,63.5,62.5,63.7999992370605,64.3000030517578,65.4000015258789
9850,50.7999992370605,49.7999992370605,51.0,51.5,52.5999984741211
9853,55.5999984741211,54.2999992370605,55.5,56.0,57.0
9854,55.5999984741211,54.2999992370605,55.5,56.0,57.0
9856,66.9000015258789,65.4000015258789,66.6999969482422,67.0,68.1999969482422
9857,66.9000015258789,65.4000015258789,66.6999969482422,67.0,68.1999969482422
9861,69.1999969482422,67.6999969482422,69.0,69.4000015258789,70.5
9863,67.8000030517578,66.4000015258789,67.5999984741211,68.0999984741211,69.0999984741211
9864,67.5,66.0999984741211,67.3000030517578,67.6999969482422,68.8000030517578
9868,69.5,68.3000030517578,70.1999969482422,70.9000015258789,71.4000015258789
9869,69.5,68.3000030517578,70.1999969482422,70.9000015258789,71.4000015258789
9870,57.0,55.7999992370605,57.7000007629395,58.5,59.0999984741211
9871,57.0,55.7999992370605,57.7000007629395,58.5,59.0999984741211
9873,70.0999984741211,68.8000030517578,70.6999969482422,71.4000015258789,72.0
9875,66.9000015258789,65.8000030517578,67.5,68.1999969482422,68.9000015258789
9877,58.7000007629395,57.5,59.2999992370605,60.2000007629395,60.7000007629395
10293,67.5999984741211,66.5,68.1999969482422,68.9000015258789,69.5999984741211
10294,67.6999969482422,66.8000030517578,68.4000015258789,69.0,69.6999969482422
10295,67.5999984741211,66.5,68.1999969482422,68.9000015258789,69.5999984741211
10307,59.0,58.2000007629395,59.2999992370605,60.2000007629395,60.7999992370605
10308,59.0,58.2000007629395,59.2999992370605,60.2000007629395,60.7999992370605
10309,64.5999984741211,63.9000015258789,65.0,65.5999984741211,66.0999984741211
10310,64.5999984741211,63.9000015258789,65.0,65.5999984741211,66.0999984741211
10311,48.7000007629395,48.0,49.0,49.5,50.2000007629395
10312,66.5999984741211,65.9000015258789,67.0,67.4000015258789,68.0
10384,55.7000007629395,54.5,56.4000015258789,57.0999984741211,57.7000007629395
10385,49.7000007629395,48.5,50.4000015258789,51.0999984741211,51.7000007629395
10386,51.7999992370605,50.7000007629395,52.4000015258789,53.2000007629395,53.7999992370605
10387,52.5,51.4000015258789,53.2000007629395,54.0999984741211,54.7000007629395
10389,67.1999969482422,66.4000015258789,67.3000030517578,67.9000015258789,68.5999984741211
10390,67.1999969482422,66.4000015258789,67.3000030517578,67.9000015258789,68.5999984741211
10391,53.9000015258789,53.2999992370605,54.4000015258789,55.5999984741211,56.2999992370605
10392,68.5,67.6999969482422,68.5,69.5,70.0999984741211
10393,68.5,67.6999969482422,68.5,69.5,70.0999984741211
10394,54.2999992370605,53.7000007629395,54.7000007629395,55.5999984741211,56.4000015258789
10395,54.2999992370605,53.7000007629395,54.7000007629395,55.5999984741211,56.4000015258789
10396,54.2999992370605,53.7000007629395,54.7000007629395,55.5999984741211,56.4000015258789
10398,66.1999969482422,65.5999984741211,66.3000030517578,67.3000030517578,67.9000015258789
10399,50.5,49.9000015258789,50.7000007629395,51.5999984741211,52.2000007629395
10400,51.5999984741211,50.9000015258789,51.9000015258789,52.5,53.2000007629395
10401,59.9000015258789,59.0,60.5,61.0,61.2999992370605
10450,55.5,55.0,55.5999984741211,56.5,57.2999992370605
10451,53.7000007629395,53.2999992370605,53.9000015258789,54.7000007629395,55.5
10453,54.2000007629395,53.7999992370605,54.2999992370605,55.2000007629395,56.0
10462,55.9000015258789,55.2000007629395,56.2000007629395,56.0,56.4000015258789
10463,54.2000007629395,53.5999984741211,54.4000015258789,54.5,55.0
10464,50.2000007629395,49.5999984741211,50.7999992370605,50.7000007629395,51.2999992370605
10465,53.2000007629395,52.7000007629395,53.7999992370605,53.7999992370605,54.4000015258789
10466,53.2000007629395,52.7000007629395,53.7999992370605,53.7999992370605,54.4000015258789
10467,52.2999992370605,51.7000007629395,53.0,52.9000015258789,53.4000015258789
10468,55.9000015258789,55.2000007629395,56.2000007629395,56.0,56.4000015258789
10471,51.9000015258789,51.2999992370605,52.2999992370605,52.2000007629395,52.7999992370605
10472,54.2000007629395,53.5999984741211,54.4000015258789,54.5,55.0
10532,68.0999984741211,67.5999984741211,67.5999984741211,68.4000015258789,69.1999969482422
10533,64.0,63.5999984741211,63.0999984741211,64.0999984741211,65.0999984741211
10534,65.6999969482422,65.1999969482422,64.4000015258789,65.8000030517578,66.8000030517578
10535,66.9000015258789,66.4000015258789,65.5999984741211,66.6999969482422,67.8000030517578
10536,66.0,65.5,66.0999984741211,66.5,67.0
10542,52.4000015258789,52.0,51.4000015258789,52.0999984741211,52.5999984741211
10543,58.9000015258789,58.5999984741211,56.7999992370605,55.2000007629395,55.7000007629395
10544,65.8000030517578,65.1999969482422,65.9000015258789,66.1999969482422,66.9000015258789
10545,60.0999984741211,59.5,60.2999992370605,60.7000007629395,61.5
10546,65.8000030517578,65.1999969482422,65.9000015258789,66.1999969482422,66.9000015258789
10557,54.0999984741211,53.2999992370605,54.4000015258789,54.9000015258789,55.2000007629395
10613,66.8000030517578,66.1999969482422,66.5999984741211,67.0999984741211,67.8000030517578
10614,66.8000030517578,66.1999969482422,66.5999984741211,67.0999984741211,67.8000030517578
10615,45.9000015258789,45.4000015258789,46.0,46.5,47.2000007629395
10616,67.8000030517578,67.1999969482422,66.5,68.0,68.9000015258789
10617,65.9000015258789,65.4000015258789,66.0,66.8000030517578,67.4000015258789
10618,68.0999984741211,67.0999984741211,68.1999969482422,68.5,68.5999984741211
10621,60.2999992370605,59.5,60.4000015258789,60.9000015258789,61.4000015258789
10631,60.7000007629395,60.2000007629395,59.0999984741211,58.2000007629395,58.7999992370605
10632,60.5999984741211,60.2000007629395,59.0999984741211,58.2000007629395,58.7999992370605
10634,68.0,66.3000030517578,68.4000015258789,69.0,69.9000015258789
10636,66.5,65.0,67.0,67.4000015258789,68.0999984741211
10654,66.0,64.5999984741211,66.4000015258789,66.9000015258789,67.6999969482422
10657,60.9000015258789,59.9000015258789,61.2000007629395,61.5999984741211,62.2000007629395
10660,66.0,65.0,66.0999984741211,66.3000030517578,66.9000015258789
10661,67.1999969482422,66.1999969482422,67.0999984741211,67.3000030517578,68.0
10662,66.5999984741211,65.5999984741211,66.5999984741211,66.8000030517578,67.5
10666,53.5,52.5,53.5,53.7000007629395,54.4000015258789
10714,65.1999969482422,64.4000015258789,65.5,65.6999969482422,66.4000015258789
10852,69.0999984741211,68.5,69.3000030517578,69.9000015258789,70.5
10854,71.5,70.3000030517578,71.5,72.0,72.5999984741211
10986,62.7999992370605,61.0,63.0,63.2999992370605,64.0999984741211
10987,62.7999992370605,61.0,63.0,63.2999992370605,64.0999984741211
10988,62.7999992370605,61.0,63.0,63.2999992370605,64.0999984741211
10989,64.6999969482422,63.7000007629395,65.0,65.5,66.4000015258789
10990,58.5999984741211,56.7000007629395,58.7000007629395,58.7999992370605,59.5999984741211
10991,52.9000015258789,51.9000015258789,53.0999984741211,53.7000007629395,54.2000007629395
10993,67.5,66.6999969482422,67.8000030517578,68.4000015258789,68.8000030517578
10995,63.7999992370605,62.5,64.5,64.1999969482422,65.0999984741211
10996,63.7999992370605,62.5,64.5,64.1999969482422,65.0999984741211
10997,61.7000007629395,60.5,60.7000007629395,62.2999992370605,62.7999992370605
10999,64.9000015258789,63.2999992370605,65.0,65.4000015258789,66.1999969482422
11004,62.0,66.0999984741211,67.4000015258789,67.9000015258789,68.4000015258789
11010,49.5,48.7999992370605,49.9000015258789,50.7999992370605,51.7000007629395
11011,64.5,63.5999984741211,64.6999969482422,65.8000030517578,66.6999969482422
11013,53.2999992370605,52.7000007629395,53.7000007629395,54.7000007629395,55.5999984741211
11014,49.2000007629395,48.5,49.5,50.4000015258789,51.2999992370605
11015,65.9000015258789,64.8000030517578,66.1999969482422,66.5999984741211,67.3000030517578
11016,65.4000015258789,64.5999984741211,65.8000030517578,66.6999969482422,67.5999984741211
11018,66.9000015258789,66.0,67.1999969482422,68.0999984741211,69.0
11019,66.9000015258789,66.0,67.1999969482422,68.0999984741211,69.0
11020,66.4000015258789,65.5999984741211,66.8000030517578,67.6999969482422,68.5999984741211
11021,60.0,59.0999984741211,60.2000007629395,60.9000015258789,61.7000007629395
11022,66.0999984741211,64.9000015258789,66.3000030517578,66.5999984741211,67.0999984741211
11023,66.0999984741211,64.9000015258789,66.3000030517578,66.5999984741211,67.0999984741211
11024,66.0999984741211,64.9000015258789,66.3000030517578,66.5999984741211,67.0999984741211
11038,69.1999969482422,68.1999969482422,69.6999969482422,70.0,70.4000015258789
11039,69.1999969482422,68.1999969482422,69.6999969482422,70.0,70.4000015258789
11040,69.4000015258789,68.5,69.9000015258789,70.1999969482422,70.6999969482422
11041,69.4000015258789,68.5,69.9000015258789,70.1999969482422,70.6999969482422
11171,59.9000015258789,58.7999992370605,60.0,60.5,61.5
11172,64.6999969482422,63.4000015258789,64.5,64.9000015258789,65.8000030517578
11173,59.7999992370605,58.9000015258789,59.7999992370605,60.2000007629395,61.2000007629395
11175,60.7000007629395,59.7000007629395,60.5,60.7999992370605,61.7999992370605
11176,67.0999984741211,66.0999984741211,66.9000015258789,67.1999969482422,68.0999984741211
