seconds,_year,cost_per_kilometer,gdp,total_vehicles,people.count.index,jobs.count.index,average_number_remote_working_days,percentage_of_remote_workers,world_trade_volume,share_service_sector_gdp,share_elderly_65_plus,higher_education_level_share,average_number_working_days,share_construction_sector_gdp,share_agriculture_sector_gdp,commuting_jobs_share
0.0,2019.0,100.0,100.0,8.531,100.0,3855.6,0.75,40.0,100.0,64.0,19.3,35.0,3.78,8.0,2.0,0.92
31536000.0,2020.0,101.04496560883919,101.34610014924117,8.552749379319426,100.2164048165867,3862.833427988522,0.8480622202881868,41.86962065489538,100.78579966739296,64.17047389139441,19.691285244775177,35.24780058651026,3.788181818181818,8.12023460410557,2.0,0.9024062459996302
63072000.0,2021.0,101.94543499351715,102.79457334128585,8.57936425063121,100.42883376439535,3872.2111280755594,0.9418086967510728,43.63690575816857,101.56127298382769,64.31776940105797,20.06832549144106,35.50058651026393,3.7958181818181815,8.234604105571847,2.0,0.8856464484389375
94608000.0,2022.0,102.70140815403393,104.3454195761341,8.610844613935356,100.63728684342594,3883.7331002611118,1.031239429388658,45.30185530981958,102.32641994930418,64.44188652899068,20.43112073999764,35.758357771261,3.802909090909091,8.343108504398826,2.0,0.8697206073179218
126144000.0,2023.0,103.31288509038949,105.99863885378586,8.647190469231862,100.84176405367849,3897.3993445451783,1.1163544182009424,46.86446930984841,103.08124056382245,64.54282527519256,20.779670990444924,36.02111436950147,3.809454545454545,8.44574780058651,2.0,0.8546287226365834
157680000.0,2024.0,103.77986580258381,107.75423117424117,8.688401816520729,101.042265395153,3913.2098609277605,1.1971536631879258,48.324747758255064,103.82573482738245,64.62058563966359,21.113976242782915,36.28885630498534,3.8154545454545454,8.542521994134896,2.0,0.8403707943949219
189216000.0,2025.0,104.10235029061695,109.6121965375,8.734478655801958,101.23879086784945,3931.1646494088577,1.2736371643496085,49.68269065503954,104.55990273998422,64.67516762240376,21.434036497011604,36.56158357771261,3.820909090909091,8.633431085043988,2.0,0.8269468225929376
220752000.0,2026.0,104.28033855448889,111.57253494356237,8.785420987075545,101.43134047176784,3951.2637099884696,1.3458049216859904,50.93829800020183,105.28374430162778,64.70657122341309,21.739851753131,36.83929618768329,3.825818181818182,8.718475073313781,2.0,0.8143568072306304
252288000.0,2027.0,104.31383059419959,113.6352463924283,8.841228810341493,101.61991420690819,3973.507042666596,1.413656935197072,52.09156979374194,105.99725951231308,64.71479644269158,22.031422011141096,37.12199413489736,3.830181818181818,8.79765395894428,2.0,0.8026007483080002
283824000.0,2028.0,104.20282640974911,115.80033088409775,8.9019021255998,101.80451207327049,3997.8946474432387,1.477193204882852,53.14250603565988,106.70044837204016,64.69984328023921,22.3087472710419,37.409677419354836,3.8339999999999996,8.870967741935484,2.0,0.7916786458250473
315360000.0,2029.0,103.9473260011374,118.06778841857073,8.96744093285047,101.98513407085474,4024.426524318395,1.5364137307433319,54.091106725955626,107.39331088080898,64.661711736056,22.571827532833403,37.70234604105572,3.837272727272727,8.938416422287391,2.0,0.7815904997817714
346896000.0,2030.0,103.54732936836449,120.43761899584725,9.037845232093499,102.16178019966094,4053.102673292067,1.5913185127785106,54.9373718646292,108.07584703861959,64.60040181014195,22.82066279651561,38.0,3.84,9.0,2.0,0.7723363101781726
378432000.0,2031.0,103.00283651143037,122.90982261592731,9.11311502332889,102.3344504596891,4083.9230943642538,1.6419075509883885,55.681301451680596,108.74805684547195,64.51591350249704,23.055253062088518,38.30263929618768,3.842181818181818,9.055718475073313,2.0,0.7639160770142509
409968000.0,2032.0,102.31384743033503,125.48439927881088,9.193250306556639,102.5031448509392,4116.887787534955,1.6881808453729659,56.322895487109804,109.40994030136606,64.40824681312131,23.275598329552135,38.61026392961877,3.8438181818181816,9.105571847507331,2.0,0.7563298002900063
441504000.0,2033.0,101.4803621250785,128.161348984498,9.27825108177675,102.66786337341122,4151.996752804172,1.7301383959322418,56.862153970916836,110.06149740630195,64.2774017420147,23.481698598906448,38.922873900293254,3.844909090909091,9.149560117302052,2.0,0.7495774800054389
473040000.0,2034.0,100.50238059566074,130.94067173298868,9.368117348989221,102.82860602710522,4189.249990171904,1.7677802026662175,57.299076903101685,110.70272816027959,64.12337828917727,23.673553870151466,39.240469208211145,3.8454545454545452,9.187683284457478,2.0,0.7436591161605486
504576000.0,2035.0,99.37990284208178,133.82236752428287,9.462849108194053,102.98537281202118,4228.647499638149,1.8011062655748924,57.63366428366436,111.33363256329902,63.946176454608974,23.85116414328719,39.56304985337243,3.8454545454545452,9.219941348973606,2.0,0.7385747087553353
536112000.0,2036.0,98.11292886434161,136.80643635838058,9.562446359391243,103.13816372815909,4270.189281202911,1.830116584658266,57.86591611260484,111.9542106153602,63.74579623830985,24.01452941831361,39.890615835777126,3.844909090909091,9.24633431085044,2.0,0.7343242577897992
567648000.0,2037.0,96.70145866244022,139.89287823528187,9.666909102580798,103.28697877551892,4313.875334866188,1.8548111599163393,57.99583238992316,112.56446231646314,63.52223764027987,24.163649695230742,40.22316715542522,3.8438181818181816,9.266862170087975,2.0,0.73090776326394
599184000.0,2038.0,95.14549223637763,143.08169315498668,9.77623733776271,103.43181795410072,4359.705660627979,1.8751899913491115,58.023413115619284,113.16438766660784,63.275500660519036,24.29852497403857,40.56070381231671,3.842181818181818,9.281524926686217,2.0,0.7283252251777582
630720000.0,2039.0,93.44502958615385,146.372881117495,9.890431064936985,103.57268126390447,4407.680258488285,1.8912530789565831,57.948658289693235,113.7539866657943,63.005585299027366,24.419155254737106,40.903225806451616,3.84,9.29032258064516,2.0,0.7265766435312534
662256000.0,2040.0,91.60007071176882,149.7664421228069,10.009490284103618,103.70956870493018,4457.799128447106,1.9030004227387538,57.771567912145,114.33325931402253,62.712491555804846,24.525540537326346,41.25073313782991,3.837272727272727,9.29325513196481,2.0,0.7256620183244256
693792000.0,2041.0,89.61061561322262,153.2623761709223,10.133414995262612,103.84248027717783,4510.0622705044425,1.9104320226956233,57.49214198297459,114.90220561129252,62.39621943085149,24.617680821806285,41.60322580645162,3.834,9.29032258064516,2.0,0.7255813495572749
725328000.0,2042.0,87.47666429051517,156.86068326184122,10.262205198413968,103.97141598064741,4564.469684660294,1.9135478788271925,57.110380502182,115.46082555760427,62.05676892416727,24.695576108176926,41.960703812316716,3.830181818181818,9.281524926686217,2.0,0.7263346372298014
756864000.0,2043.0,85.19821674364655,160.56136339556372,10.395860893557682,104.09637581533896,4621.021370914659,1.9123479911334609,56.626283469767216,116.0091191529578,61.69414003575222,24.759226396438272,42.323167155425224,3.825818181818182,9.266862170087975,2.0,0.7279218813420052
788400000.0,2044.0,82.7752729726167,164.36441657208974,10.534382080693758,104.21735978125245,4679.717329267542,1.9068323596144283,56.039850885730274,116.54708639735308,61.30833276560631,24.80863168659032,42.69061583577712,3.820909090909091,9.24633431085044,2.0,0.7303430818938859
819936000.0,2045.0,80.20783297742564,168.26984279141928,10.677768759822195,104.33436787838791,4740.557559718937,1.897000984270095,55.35108275007114,117.07472729079012,60.89934711372956,24.843791978633075,43.06304985337243,3.815454545454545,9.219941348973606,2.0,0.7335982388854436
851472000.0,2046.0,77.49589675807337,172.2776420535524,10.826020930942992,104.4474001067453,4803.542062268848,1.882853865100461,54.55997906278982,117.59204183326892,60.46718308012196,24.86470727256653,43.44046920821114,3.809454545454545,9.18768328445748,2.0,0.7376873523166785
883008000.0,2047.0,74.63946431455992,176.387814358489,10.979138594056147,104.55645646632465,4868.670836917274,1.8643910021055259,53.66653982388634,118.0990300247895,60.01184066478353,24.871377568390685,43.82287390029325,3.8029090909090906,9.149560117302054,2.0,0.7426104221875907
914544000.0,2048.0,71.63853564688522,180.60035970622914,11.137121749161665,104.66153695712595,4935.943883664215,1.8416123952852903,52.67076503336067,118.59569186535182,59.53331986771424,24.86380286610555,44.21026392961877,3.7958181818181815,9.105571847507331,2.0,0.7483674484981797
946080000.0,2049.0,68.49311075504933,184.91527809677285,11.299970396259543,104.76264157914919,5005.36120250967,1.8145180446397537,51.572654691212804,119.08202735495593,59.0316206889141,24.841983165711113,44.60263929618768,3.788181818181818,9.055718475073315,2.0,0.754958431248446
977616000.0,2050.0,65.20318963905223,189.33256953012008,11.46768453534978,104.85977033239439,5076.922793453642,1.7831079501689164,50.37220879744277,119.55803649360179,58.50674312838312,24.80591846720738,45.0,3.78,9.0,2.0,0.7623833704383893
