"seconds","_year","cef_f_truck_medium","cef_f_tractor_light","cef_f_tractor_heavy","nef_f_truck_medium","nef_f_tractor_light","nef_f_tractor_heavy","ecf_f_truck_medium","ecf_f_tractor_light","ecf_f_tractor_heavy","road_effective_load_factor","_load_factor_change","load_capacity_truck_medium","load_capacity_tractor_light","load_capacity_tractor_heavy","share_truck_medium","share_tractor_light","share_tractor_heavy","cef_p_passenger_car","nef_p_passenger_car","ecf_p_passenger_car","share_passenger_car","load_capacity_passenger_car","_IDX","_IDX2"
0,2019,90,90,90,0.37,0.37,0.37,0.752,0.752,0.752,1,7.5,15.7,29.2,0.25,0.48,0.27,107,0.14,0.959,1,1,1,-11,0
31536000,2020,84.9603184605317,84.9603184605317,84.9603184605317,0.356578005865103,0.356578005865103,0.356578005865103,0.741469794721408,0.741469794721408,0.741469794721408,1.0133964276193,7.60047320714476,15.910323913623,29.5911756864836,0.25,0.48,0.27,101.008378614188,0.134921407624633,0.945571187683284,1,1,1,-10,1
63072000,2021,80.0679968977969,80.0679968977969,80.0679968977969,0.343485865102639,0.343485865102639,0.343485865102639,0.730994721407625,0.730994721407625,0.730994721407625,1.02680485203946,7.70103639029592,16.1208361770195,29.9827016795521,0.25,0.48,0.27,95.1919518673808,0.129967624633431,0.932212683284458,1,1,1,-9,2
94608000,2022,75.3317122706672,75.3317122706672,75.3317122706672,0.33072357771261,0.33072357771261,0.33072357771261,0.720574780058651,0.720574780058651,0.720574780058651,1.04023727006132,7.80177952545988,16.3317251399627,30.3749282857905,0.25,0.48,0.27,89.561035699571,0.125138651026393,0.918924486803519,1,1,1,-8,3
126144000,2023,70.7601415380141,70.7601415380141,70.7601415380141,0.318291143695015,0.318291143695015,0.318291143695015,0.710209970674487,0.710209970674487,0.710209970674487,1.05370567848574,7.90279258864303,16.5431791522261,30.7682058117835,0.25,0.48,0.27,84.1259460507501,0.120434486803519,0.905706598240469,1,1,1,-7,4
157680000,2024,66.3619616587092,66.3619616587092,66.3619616587092,0.306188563049853,0.306188563049853,0.306188563049853,0.699900293255132,0.699900293255132,0.699900293255132,1.06722207411357,8.00416555585177,16.755386563583,31.1628845641162,0.25,0.48,0.27,78.8969988609098,0.115855131964809,0.892559017595308,1,1,1,-6,5
189216000,2025,62.145849591624,62.145849591624,62.145849591624,0.294415835777126,0.294415835777126,0.294415835777126,0.689645747800587,0.689645747800587,0.689645747800587,1.08079845374567,8.10598840309251,16.968535723807,31.5593148493735,0.25,0.48,0.27,73.8845100700419,0.111400586510264,0.879481744868035,1,1,1,-5,6
220752000,2026,58.1204822956303,58.1204822956303,58.1204822956303,0.282972961876833,0.282972961876833,0.282972961876833,0.67944633431085,0.67944633431085,0.67944633431085,1.09444681418288,8.20835110637164,17.1828149826713,31.9578469741402,0.25,0.48,0.27,69.0987956181382,0.107070850439883,0.866474780058651,1,1,1,-4,7
252288000,2027,54.2945367295994,54.2945367295994,54.2945367295994,0.271859941348974,0.271859941348974,0.271859941348974,0.669302052785924,0.669302052785924,0.669302052785924,1.10817915222607,8.31134364169555,17.3984126899493,32.3588312450013,0.25,0.48,0.27,64.5501714451904,0.102865923753666,0.853538123167155,1,1,1,-3,8
283824000,2028,50.676689852403,50.676689852403,50.676689852403,0.261076774193548,0.261076774193548,0.261076774193548,0.659212903225806,0.659212903225806,0.659212903225806,1.12200746467609,8.41505598507065,17.6155171954146,32.7626179685417,0.25,0.48,0.27,60.2489534911902,0.098785806451613,0.840671774193548,1,1,1,-2,9
315360000,2029,47.2756186229127,47.2756186229127,47.2756186229127,0.250623460410557,0.250623460410557,0.250623460410557,0.649178885630499,0.649178885630499,0.649178885630499,1.13594374833378,8.51957811250333,17.8343168488403,33.1695574513463,0.25,0.48,0.27,56.2054576961295,0.094830498533724,0.82787573313783,1,1,1,-1,10
346896000,2030,44.1,44.1,44.1,0.2405,0.2405,0.2405,0.6392,0.6392,0.6392,1.15,8.625,18.055,33.58,0.25,0.48,0.27,52.43,0.091,0.81515,1,1,1,0,11
378432000,2031,41.1165,41.1165,41.1165,0.230706392961877,0.230706392961877,0.230706392961877,0.629276246334311,0.629276246334311,0.629276246334311,1.16418511730205,8.7313883797654,18.2777063416422,33.9942054252199,0.25,0.48,0.27,48.88295,0.08729431085044,0.802494574780059,1,1,1,1,
409968000,2032,38.286,38.286,38.286,0.221242639296188,0.221242639296188,0.221242639296188,0.619407624633431,0.619407624633431,0.619407624633431,1.17849560117302,8.83871700879765,18.5023809384164,34.4120715542522,0.25,0.48,0.27,45.5178,0.083713431085044,0.789909457478006,1,1,1,2,
441504000,2033,35.6085,35.6085,35.6085,0.212108739002933,0.212108739002933,0.212108739002933,0.609594134897361,0.609594134897361,0.609594134897361,1.19292485337243,8.94693640029326,18.7289201979472,34.8334057184751,0.25,0.48,0.27,42.33455,0.080257360703812,0.777394648093842,1,1,1,3,
473040000,2034,33.084,33.084,33.084,0.203304692082111,0.203304692082111,0.203304692082111,0.5998357771261,0.5998357771261,0.5998357771261,1.20746627565982,9.05599706744868,18.9572205278592,35.2580152492669,0.25,0.48,0.27,39.3332,0.076926099706745,0.764950146627566,1,1,1,4,
504576000,2035,30.7125,30.7125,30.7125,0.194830498533724,0.194830498533724,0.194830498533724,0.590132551319648,0.590132551319648,0.590132551319648,1.22211326979472,9.16584952346041,19.1871783357771,35.6857074780059,0.25,0.48,0.27,36.51375,0.073719648093842,0.752575953079179,1,1,1,5,
536112000,2036,28.494,28.494,28.494,0.186686158357771,0.186686158357771,0.186686158357771,0.580484457478006,0.580484457478006,0.580484457478006,1.23685923753666,9.27644428152493,19.4186900293255,36.1162897360704,0.25,0.48,0.27,33.8762,0.070638005865103,0.74027206744868,1,1,1,6,
567648000,2037,26.4285,26.4285,26.4285,0.178871671554252,0.178871671554252,0.178871671554252,0.570891495601173,0.570891495601173,0.570891495601173,1.25169758064516,9.38773185483871,19.651652016129,36.5495693548387,0.25,0.48,0.27,31.42055,0.067681173020528,0.72803848973607,1,1,1,7,
599184000,2038,24.516,24.516,24.516,0.171387038123167,0.171387038123167,0.171387038123167,0.56135366568915,0.56135366568915,0.56135366568915,1.26662170087977,9.49966275659824,19.8859607038123,36.9853536656891,0.25,0.48,0.27,29.1468,0.064849149560117,0.715875219941349,1,1,1,8,
630720000,2039,22.7565,22.7565,22.7565,0.164232258064516,0.164232258064516,0.164232258064516,0.551870967741935,0.551870967741935,0.551870967741935,1.281625,9.6121875,20.1215125,37.42345,0.25,0.48,0.27,27.05495,0.062141935483871,0.703782258064516,1,1,1,9,
662256000,2040,21.15,21.15,21.15,0.157407331378299,0.157407331378299,0.157407331378299,0.542443401759531,0.542443401759531,0.542443401759531,1.2967008797654,9.72525659824047,20.3582038123167,37.8636656891496,0.25,0.48,0.27,25.145,0.059559530791789,0.691759604105572,1,1,1,10,
693792000,2041,19.6965,19.6965,19.6965,0.150912258064516,0.150912258064516,0.150912258064516,0.533070967741935,0.533070967741935,0.533070967741935,1.31184274193548,9.83882056451613,20.5959310483871,38.3058080645161,0.25,0.48,0.27,23.41695,0.057101935483871,0.679807258064516,1,1,1,11,
725328000,2042,18.396,18.396,18.396,0.144747038123167,0.144747038123167,0.144747038123167,0.52375366568915,0.52375366568915,0.52375366568915,1.32704398826979,9.95282991202346,20.8345906158358,38.749684457478,0.25,0.48,0.27,21.8708,0.054769149560117,0.667925219941349,1,1,1,12,
756864000,2043,17.2485,17.2485,17.2485,0.138911671554252,0.138911671554252,0.138911671554252,0.514491495601173,0.514491495601173,0.514491495601173,1.34229802052786,10.0672351539589,21.0740789222874,39.1951021994135,0.25,0.48,0.27,20.50655,0.052561173020528,0.65611348973607,1,1,1,13,
788400000,2044,16.254,16.254,16.254,0.133406158357771,0.133406158357771,0.133406158357771,0.505284457478006,0.505284457478006,0.505284457478006,1.35759824046921,10.1819868035191,21.3142923753666,39.6418686217009,0.25,0.48,0.27,19.3242,0.050478005865103,0.64437206744868,1,1,1,14,
819936000,2045,15.4125,15.4125,15.4125,0.128230498533724,0.128230498533724,0.128230498533724,0.496132551319648,0.496132551319648,0.496132551319648,1.37293804985337,10.2970353739003,21.5551273826979,40.0897910557185,0.25,0.48,0.27,18.32375,0.048519648093842,0.632700953079179,1,1,1,15,
851472000,2046,14.724,14.724,14.724,0.123384692082111,0.123384692082111,0.123384692082111,0.4870357771261,0.4870357771261,0.4870357771261,1.38831085043988,10.4123313782991,21.7964803519062,40.5386768328446,0.25,0.48,0.27,17.5052,0.046686099706745,0.621100146627566,1,1,1,16,
883008000,2047,14.1885,14.1885,14.1885,0.118868739002933,0.118868739002933,0.118868739002933,0.477994134897361,0.477994134897361,0.477994134897361,1.40371004398827,10.527825329912,22.0382476906158,40.9883332844575,0.25,0.48,0.27,16.86855,0.044977360703812,0.609569648093842,1,1,1,17,
914544000,2048,13.806,13.806,13.806,0.114682639296188,0.114682639296188,0.114682639296188,0.469007624633431,0.469007624633431,0.469007624633431,1.41912903225806,10.6434677419355,22.2803258064516,41.4385677419355,0.25,0.48,0.27,16.4138,0.043393431085044,0.598109457478006,1,1,1,18,
946080000,2049,13.5765,13.5765,13.5765,0.110826392961877,0.110826392961877,0.110826392961877,0.460076246334311,0.460076246334311,0.460076246334311,1.4345612170088,10.759209127566,22.5226111070381,41.8891875366569,0.25,0.48,0.27,16.14095,0.04193431085044,0.586719574780059,1,1,1,19,
977616000,2050,13.5,13.5,13.5,0.1073,0.1073,0.1073,0.4512,0.4512,0.4512,1.45,10.875,22.765,42.34,0.25,0.48,0.27,16.05,0.0406,0.5754,1,1,1,20,
