,ema_road_model_27_05_2024_scenario_00,ema_road_model_27_05_2024_scenario_01,ema_road_model_27_05_2024_scenario_02,ema_road_model_27_05_2024_scenario_03,ema_road_model_27_05_2024_scenario_04,ema_road_model_27_05_2024_scenario_05,ema_road_model_27_05_2024_scenario_06,ema_road_model_27_05_2024_scenario_07,ema_road_model_27_05_2024_scenario_08,ema_road_model_27_05_2024_scenario_09,ema_road_model_27_05_2024_scenario_10,ema_road_model_27_05_2024_scenario_11,ema_road_model_27_05_2024_scenario_12,ema_road_model_27_05_2024_scenario_13,ema_road_model_27_05_2024_scenario_14,ema_road_model_27_05_2024_scenario_15,ema_road_model_27_05_2024_scenario_16,ema_road_model_27_05_2024_scenario_17,ema_road_model_27_05_2024_scenario_18,ema_road_model_27_05_2024_scenario_19,ema_road_model_27_05_2024_scenario_20,ema_road_model_27_05_2024_scenario_21,ema_road_model_27_05_2024_scenario_22,ema_road_model_27_05_2024_scenario_23,ema_road_model_27_05_2024_scenario_24,ema_road_model_27_05_2024_scenario_25,ema_road_model_27_05_2024_scenario_26,ema_road_model_27_05_2024_scenario_27,ema_road_model_27_05_2024_scenario_28,ema_road_model_27_05_2024_scenario_29,ema_road_model_27_05_2024_scenario_30,ema_road_model_27_05_2024_scenario_31,ema_road_model_27_05_2024_scenario_32,ema_road_model_27_05_2024_scenario_33,ema_road_model_27_05_2024_scenario_34,ema_road_model_27_05_2024_scenario_35,ema_road_model_27_05_2024_scenario_36,ema_road_model_27_05_2024_scenario_37,ema_road_model_27_05_2024_scenario_38,ema_road_model_27_05_2024_scenario_39,ema_road_model_27_05_2024_scenario_40,ema_road_model_27_05_2024_scenario_41,ema_road_model_27_05_2024_scenario_42,ema_road_model_27_05_2024_scenario_43,ema_road_model_27_05_2024_scenario_44,ema_road_model_27_05_2024_scenario_45,ema_road_model_27_05_2024_scenario_46,ema_road_model_27_05_2024_scenario_47,ema_road_model_27_05_2024_scenario_48,ema_road_model_27_05_2024_scenario_49,ema_road_model_27_05_2024_scenario_50,ema_road_model_27_05_2024_scenario_51,ema_road_model_27_05_2024_scenario_52,ema_road_model_27_05_2024_scenario_53,ema_road_model_27_05_2024_scenario_54,ema_road_model_27_05_2024_scenario_55,ema_road_model_27_05_2024_scenario_56,ema_road_model_27_05_2024_scenario_57,ema_road_model_27_05_2024_scenario_58,ema_road_model_27_05_2024_scenario_59,ema_road_model_27_05_2024_scenario_60,ema_road_model_27_05_2024_scenario_61,ema_road_model_27_05_2024_scenario_62,ema_road_model_27_05_2024_scenario_63,ema_road_model_27_05_2024_scenario_64,ema_road_model_27_05_2024_scenario_65,ema_road_model_27_05_2024_scenario_66,ema_road_model_27_05_2024_scenario_67,ema_road_model_27_05_2024_scenario_68,ema_road_model_27_05_2024_scenario_69,ema_road_model_27_05_2024_scenario_70,ema_road_model_27_05_2024_scenario_71,ema_road_model_27_05_2024_scenario_72,ema_road_model_27_05_2024_scenario_73,ema_road_model_27_05_2024_scenario_74,ema_road_model_27_05_2024_scenario_75,ema_road_model_27_05_2024_scenario_76,ema_road_model_27_05_2024_scenario_77,ema_road_model_27_05_2024_scenario_78,ema_road_model_27_05_2024_scenario_79,ema_road_model_27_05_2024_scenario_80,ema_road_model_27_05_2024_scenario_81,ema_road_model_27_05_2024_scenario_82,ema_road_model_27_05_2024_scenario_83,ema_road_model_27_05_2024_scenario_84,ema_road_model_27_05_2024_scenario_85,ema_road_model_27_05_2024_scenario_86,ema_road_model_27_05_2024_scenario_87,ema_road_model_27_05_2024_scenario_88,ema_road_model_27_05_2024_scenario_89,ema_road_model_27_05_2024_scenario_90,ema_road_model_27_05_2024_scenario_91,ema_road_model_27_05_2024_scenario_92,ema_road_model_27_05_2024_scenario_93,ema_road_model_27_05_2024_scenario_94,ema_road_model_27_05_2024_scenario_95,ema_road_model_27_05_2024_scenario_96,ema_road_model_27_05_2024_scenario_97,ema_road_model_27_05_2024_scenario_98,ema_road_model_27_05_2024_scenario_99
2019,3682019426.0,3682019426.0,3682019426.0,3682019426.0,3682019426.0,3682019426.0,3682019426.0,3682019426.0,3682019426.0,3682019426.0,3682019426.0,3682019426.0,3682019426.0,3682019426.0,3682019426.0,3682019426.0,3682019426.0,3682019426.0,3682019426.0,3682019426.0,3682019426.0,3682019426.0,3682019426.0,3682019426.0,3682019426.0,3682019426.0,3682019426.0,3682019426.0,3682019426.0,3682019426.0,3682019426.0,3682019426.0,3682019426.0,3682019426.0,3682019426.0,3682019426.0,3682019426.0,3682019426.0,3682019426.0,3682019426.0,3682019426.0,3682019426.0,3682019426.0,3682019426.0,3682019426.0,3682019426.0,3682019426.0,3682019426.0,3682019426.0,3682019426.0,3682019426.0,3682019426.0,3682019426.0,3682019426.0,3682019426.0,3682019426.0,3682019426.0,3682019426.0,3682019426.0,3682019426.0,3682019426.0,3682019426.0,3682019426.0,3682019426.0,3682019426.0,3682019426.0,3682019426.0,3682019426.0,3682019426.0,3682019426.0,3682019426.0,3682019426.0,3682019426.0,3682019426.0,3682019426.0,3682019426.0,3682019426.0,3682019426.0,3682019426.0,3682019426.0,3682019426.0,3682019426.0,3682019426.0,3682019426.0,3682019426.0,3682019426.0,3682019426.0,3682019426.0,3682019426.0,3682019426.0,3682019426.0,3682019426.0,3682019426.0,3682019426.0,3682019426.0,3682019426.0,3682019426.0,3682019426.0,3682019426.0,3682019426.0
2020,3751627887.8702474,3784093832.5137315,3745384054.865521,3792436612.45299,3788566071.550512,3729379108.0894957,3822928921.726853,3745190832.434133,3708123841.459772,3747687613.293135,3808823478.1727843,3826957973.1802287,3850497053.8988814,3743831067.3711214,3719029894.6674705,3750968288.5167546,3825048195.837517,3773638414.005666,3763855426.1660075,3745910271.721937,3735343725.618456,3732566429.839603,3807332292.288398,3774307468.3044243,3693668284.832158,3718411684.1872673,3787602460.1960783,3794931678.849483,3773975719.8819494,3704137354.916011,3742791044.237993,3802594949.5911407,3819278064.648552,3763833934.469239,3820336150.4251075,3817452170.1659584,3766480135.997017,3758804126.549316,3793392776.277923,3716171051.3759203,3743578734.093358,3721597051.3929873,3805365931.6695595,3800363120.158081,3787644371.7081294,3707265189.053141,3747463285.1267247,3804598139.871493,3779833404.2822137,3814086369.1635427,3847020682.5306797,3767938183.5333104,3823948105.874418,3740349406.816867,3724177932.1513057,3797868753.2784314,3740809633.090052,3759642021.467214,3819064020.123086,3778298478.3649783,3749767743.669015,3767874155.52518,3755837119.51508,3788646510.8891425,3735679113.088037,3786238676.123774,3819544832.391143,3677056580.0068073,3785174714.901898,3794639712.2982187,3749276761.5360045,3766057124.572272,3708272461.3463483,3807611342.598917,3770378943.216577,3776162060.337498,3731367806.1036134,3735034466.7087293,3708338332.993339,3808641056.9354086,3708142480.2940207,3825780136.0555553,3723291474.1043425,3754857619.0335746,3712915613.3249464,3692118641.2193108,3748742188.058387,3790838566.824849,3758331630.8084702,3742308990.8800874,3768205497.917612,3770272671.573429,3822944520.2643113,3688063443.619474,3813404253.3090296,3734088180.7913604,3734066066.3097653,3807034716.7264247,3779011381.7912326,3812429493.9341607
2021,3800707540.0974016,3875544008.7871423,3791044496.4965296,3879086927.4592166,3887793055.9645505,3764350760.4756722,3946352446.7416244,3810887515.1848335,3733659169.9682817,3806069389.5267563,3931333354.0972023,3965188975.9394283,4002563369.125226,3805268684.505578,3759277152.7839165,3816376918.07377,3963489766.5891457,3842668334.325939,3828586601.307331,3794133990.0113773,3777790441.9508495,3798021734.1167517,3919744000.7868032,3846630773.3799596,3698007433.1842685,3763703500.066944,3883951576.937334,3898425864.475351,3847658038.942361,3721167311.9987435,3789789808.7546325,3913178025.0612674,3937909936.177436,3827207347.8393803,3942542477.764521,3943806279.1892366,3831177724.247407,3830850739.9032125,3883250574.892029,3749186273.1194715,3804651458.169405,3755991047.1944985,3901205593.1562257,3895642494.280961,3877730091.30246,3723549759.4823227,3778991876.902213,3917766257.062151,3855752279.893318,3934064496.815431,3998350344.705838,3831212695.228287,3948327838.1806674,3796096416.9328594,3767921925.4123654,3904166530.8931713,3792255813.186083,3823167169.9869885,3935864253.923821,3855679846.9851832,3830346890.9842744,3844535564.2602806,3811354369.3969173,3880754911.565584,3799650092.809445,3880983833.2022157,3953459371.4743824,3669703479.5530324,3866492919.5222025,3883647950.203317,3782025922.7028008,3842883811.4980803,3736813186.0975714,3914976992.032213,3845759193.6524935,3856337039.413524,3781910994.2893386,3789722478.5742283,3725154994.394471,3911477104.669956,3730169653.5375786,3950646734.957935,3749718575.5911493,3814126710.0042543,3727813693.4091406,3702078911.0279703,3801362909.0302386,3888153038.554696,3818797480.624117,3809153135.349166,3844012013.459957,3861142177.1860104,3955786351.249613,3695000045.43814,3929343436.3193483,3780270038.7912593,3786817552.861037,3917851019.1996675,3864953816.795801,3924822414.8102283
2022,3856669586.561798,3964103658.7441435,3838338519.619467,3970795565.854304,3986381379.8604674,3803662822.9985914,4089787025.7080913,3867515433.507531,3773263047.6236954,3871661417.1727147,4055052361.6427374,4115944235.882059,4148283136.9369683,3875271957.097331,3783462223.672183,3885044311.738819,4097712931.2385836,3925570295.2446012,3894997428.2991276,3855259310.1241016,3835271611.7644396,3862235865.4445095,4043203981.922722,3942463143.8486047,3711269122.982001,3811955327.072129,3982387794.904325,4004461581.373366,3935297874.0422916,3744615667.4320335,3836121946.9271793,4026373046.990346,4053032168.341807,3903136614.5013328,4087447447.527202,4066985339.698592,3914134588.9548864,3900349179.138425,3980399976.726183,3787998334.9841824,3861061248.5269356,3797574558.446718,4005588992.3953743,3995973979.2817645,3980847502.4901185,3750925502.0577254,3827220177.108224,4034353778.090366,3956300865.5836167,4058568513.631548,4163371882.9489098,3915386423.1986084,4073128418.2225256,3844349295.534381,3806171008.333324,4028196907.426022,3848323253.765561,3898618495.12647,4050907127.3587503,3950910362.5103173,3901287719.3401413,3922399564.28921,3883735928.2536564,3988077753.8697395,3863028032.3649864,3979696696.6913824,4070682331.6248493,3679341696.2373233,3970561852.5598116,3978440983.131048,3825666497.2867556,3917086720.539662,3770137136.83617,4021270237.499686,3920481261.539111,3946790233.772011,3841824833.4068456,3842615668.2258644,3743949383.865631,4009545363.752449,3760300757.6718483,4061572867.277055,3803173122.403871,3883003806.4407163,3764648558.6625423,3709460040.6010633,3864622470.3315,3989535360.9634666,3887489096.2251782,3864476580.43435,3919771408.664896,3948318855.799829,4078927082.649766,3702339511.2921357,4049655568.0436125,3838010926.125732,3845462030.0219755,4050983330.6932597,3948376283.6269345,4039001245.243387
2023,3951620088.2521424,4073599487.307053,3912822324.151246,4086996378.0875545,4110546117.523035,3882175623.3050823,4230627331.949025,3955369522.1524887,3840411045.6795135,3953367966.680475,4202288029.6213226,4264163517.0515985,4318987201.317877,3966048394.5907555,3851072541.082075,3977270415.1251626,4239609220.6522217,4058555638.566275,3997603808.5201373,3935369593.8880787,3909948246.114042,3946933739.5731106,4164074516.357276,4042695041.531315,3754532405.5286074,3891000031.3935766,4095959848.187197,4127443563.694448,4039768745.2036614,3789287842.697526,3918671276.941279,4171656453.4162903,4204128613.434313,3998151657.2809467,4249737819.924685,4221180005.5669274,4004158635.2052164,3988622440.9429736,4101620157.446969,3854454585.7234964,3944086273.8798523,3865510137.137915,4121251604.051947,4135647592.3163996,4095292509.9926987,3798561361.4237604,3911347322.3424454,4177048537.532045,4069726205.757061,4209510006.388984,4313286482.262146,4011096365.723873,4210717835.431673,3917435995.808932,3873509251.104477,4152026635.2857895,3916849110.8774004,3989326358.97769,4200320375.293236,4063689719.4974976,3999221968.421458,4025681942.9621487,3969836077.342188,4101738768.391412,3949366185.3966565,4094522848.9970584,4226879062.521919,3717271464.40832,4081537476.582668,4088066085.0291605,3897023614.254976,4014788109.586336,3834853792.027947,4142914712.49553,4009979950.27287,4056129299.863616,3915669063.6390734,3910051757.851781,3803457795.651794,4160980926.185421,3802054268.69037,4236762029.9260063,3867102630.683387,3963067319.7378235,3814365315.1663833,3760176814.029925,3942491351.799481,4104354221.7365417,3968908168.3664503,3938732227.3011484,4018590815.012719,4057503365.6053348,4243710925.353509,3742940959.829809,4186619565.36625,3911488642.749274,3920853172.5678873,4182695587.5911646,4056454420.5129676,4195192393.390832
2024,4057084869.260247,4164726748.476028,4024898043.387534,4170677633.5850935,4235768956.995179,3990440084.3064075,4293988951.3112574,4065152457.6352425,3935699794.1549134,4065057575.909006,4267950969.9873405,4288906827.1051536,4342790594.047037,4062629923.623903,3965028736.696425,4061195054.083797,4311474737.192158,4159064782.9870033,4088078320.060093,4040563544.734034,4017846505.166333,4067273234.919568,4245628545.267292,4136055871.0662827,3869668240.6889606,3988394514.201429,4191330779.591566,4197822189.553278,4153605755.4226813,3893628317.2602186,4020480281.178734,4251888844.719685,4239125383.33461,4094426139.071158,4297218699.953146,4280831313.483878,4104584809.6616826,4085897865.1476436,4173734880.4046903,3963181286.6928835,4044309546.1108847,3968448029.8568826,4218448384.375881,4204619980.209499,4176702526.4859304,3909153586.2800546,4014839349.014795,4243218061.639211,4181499951.585036,4262623265.6620207,4388409956.982386,4123755855.670862,4258111407.8552194,4006805001.455495,3985681282.323049,4253629589.859679,4021375081.637601,4086699630.2174273,4248688391.7278905,4195829880.9203825,4120171523.465531,4112875108.1462355,4084438885.543931,4205771501.353812,4056954320.083462,4195058538.179206,4326734880.364071,3804170730.11482,4175055046.9928484,4185537093.4118056,4000207854.389557,4114394786.326176,3928080337.1662803,4205454479.962315,4105400114.2341223,4136675590.188597,4014464481.488347,4014418504.2494783,3913705498.3391685,4217474379.9953947,3896599879.7105327,4262820837.5760217,3977754807.7938,4057401089.179139,3924727565.184659,3851508004.3503904,4044412565.093266,4203096151.8803697,4073959263.254593,4042545007.843215,4128603399.1610193,4150359705.1256847,4295083766.872721,3817478280.4279475,4261725775.8251143,4016869799.901066,4031224517.609519,4244497293.949921,4167189347.560692,4267035177.957038
2025,4150564402.725465,4291539172.1927695,4079703132.877054,4286969016.681424,4337049885.287034,4049408332.1483445,4473022620.224937,4130166015.739297,3993933671.784604,4119121267.290642,4509069103.143393,4549310411.655123,4613534715.091181,4139247617.798566,4007728097.704348,4157923815.510861,4488762251.956469,4246489586.9195156,4173265923.2536583,4114880248.2274265,4086639871.54439,4145180974.0778446,4402389412.076738,4229665686.7815533,3909827793.892024,4059149627.659708,4331633220.556426,4351038494.288729,4247257417.0495176,3938143258.523751,4080349038.967504,4384723899.168268,4419073627.002686,4178422025.784962,4495739720.323029,4453246992.457861,4204820848.8772206,4171877928.875181,4346624295.800316,4034208924.9684124,4112250188.676862,4023755509.2543125,4343987237.953659,4335953035.423965,4292862445.5776362,3953522224.6590943,4078984313.0610857,4392861899.660268,4291536574.661158,4442118442.812962,4573414261.364454,4215938994.2354913,4469994226.335147,4076115382.8166666,4036231125.581271,4427855335.794923,4087167693.45205,4192832358.1427007,4413744457.131579,4280109246.873624,4207391084.845423,4220866920.5817404,4162154029.79436,4326132595.0463915,4147232524.3866644,4320487971.895862,4440182869.055032,3827336482.324049,4293313152.754276,4299481790.164143,4046111303.254306,4218241399.0154133,3962978739.8072577,4370631051.741773,4189730781.076755,4273311640.1999865,4092963625.9604597,4063556609.603415,3943140916.730704,4364361654.022919,3928448072.6058526,4481873679.2221775,4042754949.7558217,4130137604.8635907,3955179256.124518,3876869470.662259,4115865638.1801295,4321002262.182271,4154075577.0742073,4099296742.2399993,4208581486.6279645,4271876371.938423,4457646589.973189,3838341694.5796742,4454406503.17988,4073309276.6055703,4079271612.726497,4370334442.255497,4250091441.4160776,4437661827.592496
2026,4202614512.212593,4357345785.717595,4124010512.803986,4373641106.951758,4421267501.400275,4102871515.0506873,4576097673.66332,4181851069.3212986,4049194428.806391,4179635707.2316875,4651720844.518607,4695387577.945723,4698658304.050401,4198085202.2300873,4061642019.9976306,4211329281.4253287,4594806640.89686,4318267154.424536,4216859311.571702,4168756568.779577,4153362044.5791335,4206804952.5001717,4488074338.555319,4315157246.797101,3940945108.2782364,4104919759.952663,4424802756.390708,4421377285.837666,4335311168.76196,3979292004.0018167,4122387081.1886973,4470195475.685577,4534168720.227561,4256309242.952228,4625699709.9032135,4551760119.746683,4262145149.8945804,4236100253.9979663,4450908059.2003355,4081767843.393058,4168349986.632683,4058623602.91063,4421175984.614986,4423675799.804316,4369467745.102289,4004492544.173813,4137499169.967597,4488442705.509671,4379567107.113946,4536081186.327401,4686793573.934262,4284956539.40436,4572010659.663919,4123979728.537774,4090440227.4493065,4516735828.774939,4129195633.6339536,4258638146.630554,4493363314.541797,4364396731.308393,4271612571.9056435,4303633406.378121,4203459343.3951077,4403680438.796282,4211552534.3925853,4409712911.461544,4523033300.9002695,3846189299.3287516,4388113350.7079525,4372609396.487737,4084010327.3555493,4270006923.4171085,3997356906.30797,4433678407.147151,4248232798.6276336,4359573169.15333,4144634076.756252,4107945170.7406816,3969839008.7254696,4449989742.635733,3967595479.576776,4576239647.488322,4091295959.14386,4179458218.1259127,3982209418.202047,3908889373.8909664,4177013321.4042997,4400609841.975435,4210394252.458649,4143078999.988015,4259612726.7244396,4355540974.84087,4573931881.333811,3873431815.853644,4606780209.764526,4128330492.0185084,4135890480.182168,4480811520.538224,4319155800.367411,4540457442.49549
2027,4308011070.454915,4473446376.969105,4205741361.384814,4501221037.151245,4548799471.614178,4188371433.9890633,4699460301.264538,4270564608.3647275,4134067491.368815,4274817944.678379,4740221749.088897,4827036821.3954,4829307690.2805195,4288887119.2460084,4151028774.40936,4314880134.075207,4703300313.61935,4430054020.231121,4326552310.421339,4263594175.613141,4251799289.3943686,4320581387.453309,4609098404.545529,4426461535.718166,4014243401.280974,4196451548.6871767,4549504442.745374,4542624870.154489,4452517391.706793,4055878781.1424656,4203118979.1530743,4589764505.420108,4663383316.989394,4351165042.2782755,4797353106.135206,4678298489.042525,4374479533.539012,4314623111.036009,4577325976.890203,4164240126.8406954,4257004815.2497544,4136659553.1015606,4518508232.7655945,4532533455.517609,4494384657.1123295,4075383450.5747023,4222370176.1641693,4605473411.579247,4502724385.14752,4664913304.455413,4825310391.63784,4375765808.143107,4682053796.892787,4211294439.9455914,4173116525.4736867,4660171964.059214,4205397714.0664997,4368905024.86596,4596102859.989769,4486005919.375535,4394224083.68686,4403461579.956808,4295366419.6463785,4517765308.486367,4323875716.475353,4523481691.9131975,4640112585.237939,3912813383.282528,4491958605.696125,4485097017.777669,4157589155.2983885,4374292085.311677,4070817309.243386,4589173984.436475,4337334985.568082,4483048987.765328,4238497158.248316,4185335351.3673687,4034261843.523694,4545863338.523489,4049436119.210866,4680051370.843226,4188992853.3286667,4275709781.2118416,4045346020.499374,3982057574.004408,4266801705.6432767,4510909639.468326,4301871179.613569,4223315336.897961,4368898026.483094,4480181751.979956,4682746335.498393,3933919222.3430033,4742143429.155148,4217909884.1678524,4220506226.2692723,4593916748.37831,4430727795.036097,4685640416.895905
2028,4395223038.728297,4555574151.739065,4270476450.944583,4584175474.529154,4655824300.969088,4276865229.5495443,4815955996.854695,4345223079.112539,4205088080.7846913,4371623460.897613,4973288015.341334,5057340692.22892,4978595410.059789,4385262331.266531,4237479913.295406,4404701746.368998,4823607416.142038,4529982293.177962,4394335729.027555,4342619008.615938,4347161804.58444,4425332362.913375,4736890365.210749,4538702310.3181095,4082675878.877119,4280677073.02911,4685187009.293224,4646245322.230306,4558381996.918915,4116506955.382522,4268195119.6104555,4694842357.980245,4755338790.070349,4439227439.91797,4945083848.792011,4758797436.738508,4464007154.571022,4411861399.6762,4695111282.118532,4228275141.9935517,4332830051.059267,4190503081.1648235,4599670057.941509,4620582496.429302,4615305358.945088,4145745503.602609,4310050895.227958,4737119717.52121,4619211819.603086,4800093983.945591,4959301585.89564,4465493575.814886,4825397685.668575,4291959667.1633205,4257324006.1764355,4787831916.888869,4268952917.38286,4451469799.368622,4714683724.856623,4603513006.414132,4503953383.727363,4503873778.199351,4363651912.398459,4632061368.396227,4413052953.95103,4635041471.482456,4741352650.675632,3971804421.8975296,4603995671.090006,4599596949.638107,4211450518.61285,4444144617.992687,4134683764.2055473,4691935246.504667,4412613894.821513,4591890540.653129,4312060498.656404,4244650872.8111396,4100405277.569517,4644753010.568321,4115154495.47887,4821398376.015471,4271483012.2919116,4351172616.991743,4099049237.4551187,4037932264.0207386,4336490688.043658,4614744707.460094,4375554420.460627,4288399191.639246,4443274456.156183,4591549829.4134445,4816963881.648094,3990947798.628707,4896455107.123904,4286840248.607895,4297535300.234643,4691103902.937189,4512775767.203305,4802962884.545956
2029,4451536545.335774,4582746234.36963,4295208969.177086,4625068411.785477,4716406268.2701435,4319157922.886012,4853747670.771772,4353213510.316256,4256117780.021702,4411525511.400128,4922202999.914118,4956973731.083619,4968630431.443638,4428831368.772646,4286434361.131031,4442872159.655079,4852984535.90795,4580735302.974041,4429548925.614654,4394736108.515002,4390814739.76035,4470908214.431056,4755439507.197354,4589444080.552969,4124522936.5376797,4322314030.0565,4719806640.439381,4698448461.441151,4606188633.517721,4149195494.9774413,4291924947.0968475,4753958115.076735,4788623476.866997,4481889182.3376665,4935661013.254346,4807443954.738615,4517990747.382173,4418985271.134287,4720563385.335331,4262494758.95536,4376365663.731295,4215389629.229847,4626217760.413876,4662312434.832545,4651169984.323661,4184578747.664553,4357306948.237393,4784865734.26484,4670295283.101488,4792528191.1165695,4982283404.24199,4511573871.350281,4837763749.818627,4332267040.135802,4307903805.064014,4833278964.137059,4296892715.9353285,4496787386.774667,4721825700.642196,4675260196.71315,4540321648.72274,4556417832.983494,4398377116.301872,4673406684.813718,4470286310.352561,4683274780.6520195,4777751780.696688,4005864773.859296,4650541258.245097,4626924321.276503,4231447630.7045975,4465955739.148147,4169431052.292974,4698538332.240476,4431449371.619427,4628759149.3175335,4356038500.9326315,4268580038.3960648,4124756433.267434,4667300888.881275,4159100971.0319724,4817179262.586873,4317621032.885222,4369970285.485885,4117763211.30243,4065011770.9496493,4364380308.697444,4668830699.670811,4398960761.276449,4313186548.81187,4495276297.302941,4605530497.474101,4837834047.118245,4018658324.5540752,4901612202.955963,4315178556.31279,4336211104.821091,4738394962.827557,4562647813.118534,4839710860.550068
2030,4536471372.989582,4681209126.682155,4354062023.858477,4751058746.745926,4880523356.701313,4403614916.460524,4989601212.666301,4417578164.416802,4329415461.196731,4494124104.180123,5132629744.418768,5053952509.422425,5209956437.741601,4513096806.509193,4363122347.059694,4510716775.323395,4992031134.845921,4662613354.003148,4490104066.115413,4452316556.362236,4478796904.808643,4572814042.092632,4881286301.651146,4691535691.774611,4194945853.176608,4413249161.755151,4893659316.279981,4806956569.204127,4704721200.8526125,4210450058.02842,4334462074.021753,4848581068.048599,4925857346.248889,4565741047.439874,5165404385.5401125,4956128067.330708,4595915152.982852,4495931158.124284,4820919014.089371,4332265404.202497,4445171924.080508,4265626916.634836,4688016188.068293,4759468694.097892,4786212703.954733,4249952476.0432696,4437935195.427436,4928320728.101929,4791711199.086214,4948325719.759325,5144802983.460191,4587791532.05554,5016864850.258737,4387464617.783839,4379200332.654254,5030226102.3005,4349137426.503293,4596864330.307758,4810778416.998738,4797315795.769078,4671850947.666008,4650247865.840892,4448029444.205032,4784329302.375361,4553941837.783361,4800691487.071822,4839145582.840026,4065499531.2280874,4770216362.539583,4745773628.39824,4265923439.4459643,4529949045.746616,4227106799.941164,4882543174.700027,4483908702.363718,4791528603.188724,4438391252.497337,4328286814.011765,4169823567.6813045,4793272350.907509,4223215893.266202,4989487065.891808,4393318400.6244755,4436265634.26659,4160798257.3651752,4116671280.1085563,4432821315.5911455,4767211385.456192,4458673047.2125,4362696618.53931,4569616681.274514,4722136471.446419,4988667815.731323,4081926541.1277037,5212640751.151705,4377006223.93284,4400602784.415373,4839824698.493315,4649336839.5731945,5001563601.004562
2031,4575006704.053779,4676799029.862183,4368678818.226892,4742497235.719624,4878228163.974575,4447114459.054619,4983469764.763192,4413062797.879498,4363394237.887785,4519205520.043726,5112789208.863233,5120003279.595165,5080565854.43354,4550298260.160958,4415859230.277608,4550607720.271048,4956995288.507161,4700345650.224492,4516219426.825109,4493954344.437638,4507078053.211754,4626123022.550148,4869210902.592717,4720809691.1241865,4232862686.0120006,4446002679.295574,4887320973.639844,4844283031.425293,4738008235.949521,4239239684.3101444,4355393658.644981,4892918302.702783,4904139513.685703,4594769337.877463,5094508302.026879,4927446073.020211,4638231760.010681,4500217618.632843,4883057596.702904,4367846135.0456,4468935357.77159,4279883553.6328244,4710137955.537679,4776150755.378933,4805334681.932382,4290286336.1071477,4480321232.122042,4931685021.465567,4811993757.173087,4921125395.5026245,5094490291.453934,4620716293.339182,4957605452.148251,4422491944.854742,4429509241.742164,5027611008.692693,4369332152.021098,4614946652.275845,4809623293.766381,4841504325.916013,4687707488.060697,4674455159.527739,4465198971.628542,4805831339.21467,4618984387.96458,4847333573.507515,4871226202.418053,4116359298.7893677,4788370976.063237,4760029132.564221,4273043634.8285074,4534195474.882462,4247550105.4136715,4817359927.363154,4501272882.832216,4776990131.26111,4472395617.535344,4351881811.7176075,4187554575.023456,4765588569.695656,4258680442.4182596,4921671965.832241,4439497833.474601,4450717741.500248,4183617355.205626,4155354830.0871305,4439818146.714106,4788943724.74233,4467509348.901224,4373041473.357439,4590184278.048086,4719762160.068428,4971727700.371218,4116657935.8639555,5085099762.136039,4398302875.103819,4438239675.985875,4854819452.592024,4671838678.171267,5011479481.603237
2032,4631701417.874307,4688475655.611097,4387727527.65294,4773834658.482833,4938722459.639243,4500550483.438172,5018096232.318654,4429417535.01541,4402163423.830224,4560707890.182405,5190328105.986036,5163473680.519905,5097630689.275092,4597837095.665072,4464195304.458878,4586658286.0975895,4988864385.898551,4746762558.8235035,4538893185.58865,4521024946.498267,4554434831.339377,4687032025.378616,4898272392.558105,4764332302.9439535,4284576187.369687,4501518270.821511,4948913382.973239,4887008647.37883,4786275523.765959,4278301564.4862604,4382075881.122932,4938276731.134377,4932421184.33848,4624762918.269858,5145046801.579617,4966625006.86909,4673064524.190356,4513179419.374617,4945058226.102436,4405161461.531833,4487625060.855666,4302142799.846043,4724145232.171051,4803580845.975299,4859044820.933602,4338312244.153942,4525583436.578174,4987236636.495744,4870452610.425542,4966334714.001063,5113404597.281987,4662226733.144169,4988122239.197983,4460816800.324681,4488669824.594195,5100402631.487567,4386998977.538707,4655965503.158806,4819071680.785227,4903355303.885146,4740492268.006573,4720414674.458263,4485598589.271757,4846426337.869978,4688533255.684852,4911166714.180577,4877675834.488188,4170616195.851009,4820625786.207172,4798207654.562064,4268211225.194952,4546265428.984627,4269422907.0344043,4851921606.21095,4506334106.386251,4833654307.863992,4510239315.544328,4379562898.065166,4218671276.934448,4789888939.475023,4291289885.366871,4962269054.655231,4495483868.891792,4469518316.651314,4201641789.1133165,4188914674.7609572,4458694170.199863,4833637532.092783,4475056315.495905,4397218778.449132,4613676798.702472,4763271906.922473,5004721448.084655,4158882287.0435867,5148062735.050457,4425005068.233863,4469966710.585273,4895696322.945063,4700591739.35458,5067850823.944577
2033,4683406035.46438,4696732756.34734,4409849394.816683,4791695878.301947,4982319170.877816,4549795560.557323,5052053038.001431,4437209704.82765,4443469108.909195,4596169822.913388,5255435752.661862,5211999559.309584,5106336797.768787,4635726687.339769,4523897796.317312,4622700774.789011,4994433666.055299,4778159757.128401,4548783234.656018,4545127114.070448,4598494424.82047,4756387278.51055,4919932677.534607,4803057968.093928,4336082802.567973,4547663499.495994,5018312044.214242,4942941894.650728,4819763542.436243,4311261775.778709,4393273710.847008,4979274932.91931,4951365028.186177,4651465399.786689,5190628997.188344,4995112738.94131,4712445163.133901,4521958254.5813055,5006877600.488861,4451655721.812914,4507807921.021773,4314437057.354417,4729958478.036225,4826737819.636568,4913358031.353479,4381091955.553026,4579157873.7184,5019569232.421292,4909534052.961123,4989243172.6875305,5130102010.3987875,4698859338.118206,5011209366.268823,4485370761.207878,4542701851.054657,5173947505.282014,4403190113.063823,4702685889.972649,4828121368.092203,4963574673.76616,4795666981.180691,4746762097.079055,4494099996.086202,4884710627.79256,4748912627.098447,4977888475.549173,4878091673.805381,4223450309.224683,4862004012.673459,4842475944.968263,4264140185.7680764,4552144375.559307,4288099902.7612686,4878376518.044499,4517786968.739375,4876121107.606066,4555237842.2829275,4407086962.618064,4242474988.0067334,4810644256.616217,4332041906.401322,4984184560.738222,4544419871.937263,4485212704.8759985,4219776451.647542,4227519659.9506006,4481447408.422916,4860290800.101772,4484458683.380715,4399197309.114066,4624789728.491237,4784789844.076154,5026422108.931655,4198319121.474603,5221033190.775009,4444103315.806937,4506324119.120736,4914248693.183335,4733197090.663693,5125461942.074322
2034,4733876817.3225,4698119656.541688,4433783371.266089,4814485767.382156,5030133958.285191,4606310657.4649105,5066926831.44408,4444616934.574749,4482071418.727884,4628240267.971339,5328901720.706715,5247388545.990025,5095791093.348249,4678316018.723765,4574085533.068349,4649990000.013517,5003880432.057923,4809470921.917194,4560360129.6629305,4579392771.150169,4648559956.565887,4819542398.019309,4938318795.092508,4832582077.851991,4394415822.873154,4607996627.821126,5067437928.950291,4964977372.668121,4863228162.433294,4354958330.898193,4407295893.967767,5004977758.380796,4957876988.652157,4677174371.424544,5230605540.988351,5021365591.542707,4746422893.518814,4533629699.879908,5065742020.57882,4500411882.718501,4525146864.367005,4325618195.425283,4731517803.702746,4835189363.781475,4956641280.496659,4430254896.91008,4629956329.170608,5063496958.468919,4961638693.587452,5009943466.733982,5126956800.763654,4724241259.91279,5020909723.800242,4515813960.462964,4600442795.356833,5242073729.341125,4415138507.491211,4733302412.695576,4824230024.858991,5016086359.820682,4859072536.593661,4780483816.785571,4506465025.529635,4926538380.920464,4812473213.9559355,5040139704.499971,4874283495.450762,4289519670.765565,4884433052.131792,4866587506.127647,4248278754.329218,4541552968.013603,4309092866.325055,4895291989.829489,4513049832.640917,4915311573.30053,4597784951.73996,4426534058.50333,4270511738.742151,4821225243.590114,4371145481.272221,4996575805.249381,4599117637.210918,4486942705.752752,4245705872.917744,4266625932.196417,4489249504.4526,4877095897.004127,4489697221.666836,4408562284.882386,4640591433.770579,4816042747.146595,5046214695.266377,4252792121.0948143,5274387619.290898,4456661150.229582,4533714820.727263,4929300322.956011,4752238508.193902,5177353576.63035
2035,4786647101.494186,4706580141.810357,4446421647.139916,4827056596.10926,5076824609.88567,4666920441.841881,5083083329.656834,4448439055.738051,4528357901.997368,4657759076.86161,5387906942.651202,5269994953.884428,5080732321.153704,4722499831.33358,4627580901.392363,4676512747.651948,5005154845.802744,4858269050.153135,4569974899.2799835,4610870245.973958,4690505108.753597,4886096717.967271,4947461473.4547825,4859588500.842203,4456990656.71167,4658090491.330494,5115719476.55931,4993663909.7888,4890824470.643138,4400158699.477664,4411566840.536264,5025257930.595773,4964159725.343938,4695885216.874183,5256076358.903326,5030249858.469839,4787650347.266431,4538075027.047505,5122044932.007835,4547166355.238815,4542336116.022862,4327455391.659956,4728161291.894663,4837731576.377676,5005136115.762999,4487662198.882211,4673522947.08398,5085950600.122581,5014985234.697617,5012959769.56968,5120495518.628832,4750726344.813663,5030815052.068435,4543418030.752062,4665489615.162858,5309190866.067906,4426021798.768597,4774498979.233134,4819742239.488266,5062269246.362116,4915843739.573564,4820090129.651996,4510087979.033225,4951230544.865557,4874725336.976506,5092024976.0799885,4861206519.294295,4356601068.606935,4910798407.918007,4887593973.822496,4241370671.2735987,4530068431.272323,4327070866.38877,4895016701.031766,4509896641.404544,4954267078.239672,4628487068.837587,4448934231.870126,4299826097.090645,4814062584.317367,4415117186.281444,5002012220.742592,4655700380.145554,4489904285.5971775,4253741029.400297,4302653504.874611,4507182639.667268,4895965457.6280365,4491614686.310969,4411561820.111212,4648854513.463983,4849294177.51153,5066801767.825056,4305025415.600899,5327201123.030527,4476494263.902752,4568859969.185494,4938733844.120477,4770599533.974726,5204791193.045597
2036,4837299497.760884,4725511787.844524,4480491356.617259,4903756113.008357,5215504002.449123,4736436996.0565195,5162286815.088165,4474142703.557155,4608868284.9481,4718189834.881752,5657058022.041288,5537376358.607852,5071523513.628388,4836430782.369034,4705318207.301214,4761190085.055467,5093267446.707741,4910473249.530075,4583065717.772363,4697393198.3512,4786548412.9873495,5008996849.703348,5010940029.147365,4896359425.993011,4544085127.057766,4777431504.579832,5250641364.880268,5022447029.975976,4932704393.915666,4467182018.221071,4434234394.12949,5132023627.70603,5043536090.760534,4731676133.118122,5510457558.548856,5124635448.269478,4857826536.497428,4562406654.418832,5367066015.539471,4626274438.70682,4579863315.084372,4335933033.853735,4729091387.364613,4850771593.195087,5116338843.6071615,4585153668.377304,4776808560.67863,5189491623.557951,5155956577.02596,5082455652.126994,5257358053.922647,4800315461.41223,5159093049.183462,4600810173.543117,4753189697.70623,5534814246.174683,4444205102.292068,4871318383.193148,4837236853.555895,5213582232.741578,5071011234.401962,4907824355.856494,4527845575.114119,5063364043.892781,4964181035.856633,5269231095.19548,4861728275.125891,4429253172.093082,4976225803.5251045,4965217729.079499,4242312705.7608757,4524725809.591509,4365092370.193552,4847182362.928644,4525127696.185833,4983021025.738119,4707036247.842557,4472979229.226219,4360222431.961012,4906152029.549438,4486041825.277904,5143539200.424963,4764087082.199591,4505982615.1474,4285431058.7236595,4365003007.821493,4552722010.004919,4924002499.902955,4504720287.204402,4419907666.039581,4682920313.587629,4940071066.087827,5096627213.812374,4385242019.633727,5695077177.6020565,4535876619.277387,4621085089.699104,4986179178.731644,4838435517.417055,5364972968.645439
2037,4889254075.301275,4711642016.37667,4496617632.871705,4852218687.928915,5142135114.86923,4802861271.912501,5105671710.436435,4464924713.163991,4643562082.96255,4731549462.576362,5528606413.434376,5312608922.158109,5041903025.510067,4823725556.946121,4778326066.072743,4749230796.394676,5008211306.428309,4943260367.43167,4577347313.744597,4705465600.081507,4797351095.9063225,5014725675.014204,4960726260.365771,4920588543.977506,4602215956.558833,4797268573.963777,5199376698.062006,5024218363.890168,4954337668.4339075,4516415542.616426,4423177659.133333,5067711207.96938,4969092505.850304,4712576753.913319,5328744810.463915,5033746872.98017,4887461449.662999,4543064970.594304,5230085826.786479,4657681996.47341,4587585660.566389,4325824510.254238,4694284172.227664,4838480800.910574,5094260260.592666,4625291305.619016,4807517281.693487,5136723980.837931,5134154341.227761,5021829339.521968,5112049603.025307,4803462645.613641,5028341680.76323,4631809489.021014,4797455472.153413,5453633662.171675,4458076611.773053,4842063114.044314,4799696017.514111,5167942189.054167,5044434803.190211,4898158655.112967,4522014850.982997,5021175663.917852,5002206474.960498,5205229148.770969,4826855962.302481,4507465083.604726,4975643778.316012,4929972406.519908,4224456713.626354,4484254487.6454,4377032009.297138,4881459563.592972,4506646124.047383,5035019191.09365,4717866225.406683,4491334268.895354,4385440355.10042,4788695991.660016,4547184999.954361,5007788103.9956,4794633991.186053,4492172029.489504,4297569000.803125,4402423975.733656,4556195101.796025,4910636330.169744,4501609941.568175,4403242256.63844,4664561025.869086,4916715827.122538,5091488989.416984,4443442811.789675,5447839578.125801,4531349723.955118,4664203715.0326605,4960990339.122646,4807244683.850948,5281482117.944246
2038,4938202173.090986,4702003465.375099,4514525672.644139,4859378211.94866,5170314448.082975,4866730405.317655,5099854510.526527,4463462145.996856,4698035903.650809,4738994559.819147,5576700677.610161,5322076616.123213,4992266566.245905,4870706830.121544,4844309386.612768,4777829765.0303955,4978326588.717264,4969949340.520772,4567118639.219597,4749632590.823267,4841274492.108246,5075176617.557748,4947478046.303566,4928530407.659936,4681923696.446026,4856984633.581642,5224233280.451612,5018527126.656808,4973454707.993983,4582396489.8526125,4401747368.412949,5068434023.956738,4942853980.814565,4706621318.795387,5344782533.618599,5020839075.253406,4943421743.927829,4528840781.697115,5277046434.76294,4710877027.774674,4609504624.781582,4311090025.149893,4663800789.505275,4810662049.579549,5123873636.019968,4697957117.250109,4851510777.676946,5159820533.53841,5186583210.376742,5001673164.9693165,5082905892.797181,4820191599.330352,5020723697.396127,4668019452.459452,4861968132.243064,5524751825.015833,4460703640.256403,4864723258.68876,4768028110.899866,5202051299.28837,5096244932.850149,4932864511.968574,4510350528.94095,5043377863.813544,5064001469.377179,5253099440.36444,4789404953.934912,4577406729.713953,4987589041.418744,4931510611.251093,4201008370.150304,4453050790.576915,4394707545.73033,4852928313.886039,4497939021.649006,5055434069.473435,4751204867.031823,4503153894.420875,4420618151.5881,4752146916.237427,4609640575.395012,4987111568.67354,4854479156.222177,4480379251.840512,4313903381.558019,4453425176.65276,4565275160.044629,4894981924.6778345,4495097099.489143,4388645371.885379,4660685469.8736925,4944330733.878023,5082404149.021213,4503280391.928585,5491661456.526503,4547257149.831311,4707325045.408642,4952047076.011657,4809375847.784061,5299067316.664486
2039,4982307387.205893,4681991220.430985,4522251698.405033,4847920860.3675165,5193524050.397061,4933524247.282889,5090141191.088384,4454523822.164691,4757372764.902627,4766152617.070451,5628595725.375084,5309722232.395672,4934942080.663282,4924823138.697257,4912087787.182213,4797096483.2852,4951758174.841493,4992914193.685096,4554151759.079145,4783185831.515039,4886693387.424556,5134116377.351874,4925974094.866343,4937569090.004404,4756942409.59841,4908718883.427349,5237699267.442596,5016075493.237242,4995362176.242401,4636617560.733562,4389080788.658279,5062879677.85377,4920970368.431314,4694818548.428207,5356825667.18746,5009226918.041464,4972218671.235913,4511575675.263848,5319343604.477135,4757683705.961967,4623320196.852068,4289121635.9817967,4617782197.568405,4783093218.863848,5157000167.394002,4759208005.303621,4911878095.092082,5170535981.611182,5237602717.755187,4975480182.7,5044208768.333477,4839402720.773927,4982897694.984591,4713793707.220977,4924096572.567888,5568977527.562981,4459138634.999775,4889552476.662339,4727015260.661807,5235642379.682333,5149960175.507619,4958404627.139999,4499977605.851574,5051874312.649161,5126697074.871229,5289078808.846027,4749755133.328792,4652681286.2774515,5002489003.253907,4919779350.90391,4174968941.0708923,4411854974.59445,4419477077.2074175,4819145419.967105,4482011631.25516,5082527598.025456,4788096367.660328,4511016268.697321,4463655411.070764,4719916805.227676,4669584376.126257,4968807164.345837,4915875494.81724,4459124934.025337,4330681734.883223,4505918215.160569,4583106142.750782,4872828948.714371,4483568304.925841,4369130640.347836,4651408303.368192,4961343922.672539,5074094129.206687,4581842699.767471,5531804122.099271,4564489306.963355,4748633299.538604,4930347704.674804,4810918740.495774,5303497464.108332
2040,5025603231.6355715,4654173494.955784,4525659059.863182,4836859233.68323,5224214560.358711,4999641558.207871,5070341702.616279,4437046715.913746,4820863524.068035,4783710357.916448,5664301672.458418,5300032181.89492,4872040985.916908,4962648461.356908,4991709845.939195,4821932075.522997,4889859750.536549,5018295473.184411,4539688377.435956,4811310536.72252,4932645843.70149,5195761687.148554,4893573414.156097,4948587047.370607,4838449796.405303,4970659963.20418,5255374564.342446,5015140743.539332,5011490239.200831,4704559739.996425,4371377675.496905,5048171848.080131,4882498998.816054,4678319376.22885,5358294478.44912,4969178772.108287,5007274230.755707,4483589126.410768,5332461805.322404,4806000365.892373,4631088688.942032,4271422239.8183165,4558111384.955791,4747893950.542165,5186270753.483669,4834707053.739077,4954043416.628618,5171105205.6163645,5280118021.927531,4947237499.976554,4991397743.431944,4853864774.967964,4944899913.416357,4755977346.082874,4984802786.511332,5614027751.115645,4454420098.997166,4912784030.389811,4672028388.976083,5262365982.458028,5206086015.031694,4997875655.749677,4483534087.460667,5067964605.892069,5191936710.603366,5315678554.6570015,4699719066.462082,4731117521.359724,5021200139.823399,4908039388.8027725,4143464500.232004,4373012769.776797,4430831290.316299,4785921678.092421,4462615310.525795,5103313209.27011,4825419151.263717,4514164972.604268,4488832722.016241,4670097427.642181,4730188138.653751,4918214862.816776,4987393241.03984,4446331890.154426,4345866391.615769,4567280433.694765,4584199053.824617,4844156099.366403,4465295883.997523,4341990914.636528,4637748650.460879,4982981056.7421255,5048247301.604245,4649306615.004244,5561019389.485857,4577338231.872881,4781281279.272979,4905552881.156241,4810203562.902919,5309290151.811055
2041,5069021023.777218,4617936781.115519,4525573605.82716,4809202323.522588,5254304618.794695,5063685565.113648,5047383394.551842,4411792609.383424,4875520802.28215,4813452391.011428,5703616962.35811,5281027440.653721,4782405806.364387,5011693772.576515,5070028957.969652,4847896687.2498455,4817505629.800313,5030677589.535794,4523282694.213894,4825947742.64246,4990983584.751086,5267773294.117938,4851673508.4192095,4945929610.49503,4927924107.381885,5024951583.609618,5262647904.370046,5002537206.878728,5030564848.801077,4759568387.63184,4343498541.174344,5035036267.610969,4837157686.515571,4647020562.95614,5352314686.115607,4941427443.81447,5029296384.258091,4440192667.241108,5366959168.468368,4857393868.740845,4646105591.019854,4259531005.852215,4496004517.843468,4703776263.426017,5214457668.083135,4906012614.449323,4993597276.479192,5162423060.494542,5311135020.128419,4910439639.469169,4917625534.271562,4851560713.778803,4887750907.96804,4785001611.514558,5053940681.640395,5649496820.7792845,4447610290.543606,4923712624.819138,4601060526.892242,5293100000.863153,5254204514.546356,5031844759.874814,4468545647.910271,5068484853.746533,5272999948.288066,5343936634.771793,4632973763.164766,4819644164.971892,5015468943.124295,4891860146.586152,4099905908.392766,4336648876.348794,4453798324.163901,4750366064.5245285,4441186161.054911,5116677749.199405,4856440185.581606,4523136669.591585,4518449934.822401,4617149464.013473,4792431970.99251,4864270184.352062,5046326155.317582,4433274651.513244,4361399038.214178,4635076431.45987,4581705643.309589,4814557899.195976,4438856468.863271,4315055688.650422,4616570778.233405,4989694857.146519,5012934725.327631,4723522636.812093,5584457149.380529,4598018753.034776,4811896482.893247,4873128279.755496,4798752797.023512,5311402088.349728
2042,5120676269.877431,4572360931.903248,4528105421.45036,4786621904.638479,5283336036.159037,5131061006.660967,5012193466.871475,4376064809.948988,4941490498.934866,4834662494.8807125,5725616335.410421,5239433835.421414,4686183210.917737,5062548639.748244,5155474715.605831,4858642414.485101,4733783631.663225,5050682752.347103,4491687149.744421,4838523162.2196455,5026890374.575014,5337213429.945198,4794064721.307516,4947575923.423259,5028345143.586488,5088001227.996811,5266640832.8721695,4992602144.123747,5039943044.781338,4822800911.982993,4317178346.77271,5008210958.091465,4784948131.949787,4609119992.141162,5342112248.920075,4899941370.779942,5055289905.839144,4398406345.54476,5364027455.063784,4906258496.932524,4661691142.522837,4231638171.534185,4415842546.392033,4661301772.760154,5238927354.7845955,4973501744.113735,5029547575.281885,5159057581.299062,5345447248.417168,4876562499.09698,4823247509.505029,4844696393.166947,4822774889.683748,4825542653.773062,5120544454.9228,5692544669.359934,4434991864.46664,4929830851.519425,4517390110.318943,5326033880.872281,5305333242.753158,5074223350.847197,4451717916.037249,5070651997.894143,5345398672.384612,5364713602.151229,4560545096.818745,4927424386.084927,5014756674.041359,4873905784.734119,4043303323.049515,4292210707.3619313,4470995308.727371,4714134497.754609,4403602654.198624,5136376878.015493,4886942061.9148,4531351733.126279,4557542172.806805,4563725556.010525,4845978511.884752,4792348457.122644,5104285419.824811,4417915199.76175,4379314270.960367,4700751487.828775,4575268636.481692,4783324463.400749,4403339160.82519,4288121305.7520256,4596582139.803725,4988642873.811498,4971738559.355924,4801568108.489373,5590061907.833395,4617888098.639742,4846830738.742845,4820395135.671963,4783877001.084062,5304445634.354282
2043,5165496846.8749075,4516367384.371655,4523715563.579611,4741966169.163724,5321783372.809509,5188601605.595086,4968753906.330087,4333485580.9850645,5004895287.387826,4859720345.285585,5756853934.837669,5201926017.314068,4574557346.699247,5103415245.667231,5237949815.358161,4879997614.996195,4639482820.2006,5047794731.224695,4471270669.701204,4830317730.843479,5074411534.019806,5398660060.354937,4724927820.108555,4937452103.635076,5131180388.572144,5137078996.795888,5265373555.643356,4979876223.3038025,5047244752.750377,4877620883.813853,4288229624.201318,4967642367.555222,4725887485.769509,4572070146.590616,5320054230.641951,4858750732.645557,5080645845.860057,4338403415.09988,5383294000.127823,4962892043.924467,4667992600.024951,4214052992.326179,4337005997.145831,4604106741.867431,5264321957.020942,5048773904.026718,5069645811.904494,5155750256.94581,5363168383.390956,4829806507.714643,4722628658.795151,4846376065.204847,4743966546.727197,4862493767.744579,5190570434.886591,5727449207.589866,4416990524.972945,4943521080.491426,4416557231.487131,5336431669.52937,5343601853.692551,5106822308.287882,4424477964.307541,5066344298.21322,5431451819.220812,5395848400.181043,4476812271.807822,5015832709.422948,5006485513.805659,4853080280.440624,3981197955.958904,4243815468.71318,4493136307.667173,4669387476.613999,4369566979.609533,5156508403.897154,4929492212.518081,4536755754.464109,4579631036.893455,4490006477.715019,4898903420.084186,4705638167.535518,5168420847.510273,4399529345.395626,4395040268.543024,4774669757.780555,4570783244.655229,4757248216.635771,4363372245.872794,4253467900.0737405,4567272667.24528,4988353487.261315,4912288494.33614,4880115256.171126,5600143608.162378,4633694675.915864,4875121583.019165,4762333218.410315,4771251765.556418,5288140826.037128
2044,5205146635.0145035,4455885099.3336935,4510429016.646014,4690500932.775549,5348019044.438269,5259587653.40831,4914054033.4971285,4293661658.913745,5076391254.093436,4884296266.576814,5765610665.526283,5149590328.951586,4456255504.478001,5153567108.787618,5329053174.768383,4891184618.495633,4527402846.30643,5045933036.452509,4439302435.067724,4832598566.452887,5112161074.332078,5473923506.78573,4650270513.219487,4922632340.740129,5236624061.485878,5186038424.224665,5262492682.385509,4958811361.273044,5046610999.194581,4938010874.884494,4257060871.8569307,4930664965.271813,4655415551.725014,4529301033.345385,5307259935.74412,4797792287.669835,5097540243.822151,4280694720.77973,5387021811.007556,5013831134.4152565,4677687299.077146,4198910136.6395044,4238260316.448646,4536770573.922033,5282354104.391044,5128547984.563558,5106462088.240347,5138149361.18783,5383573190.297204,4778439430.442001,4607134183.315122,4844739842.38768,4644584863.324216,4901388835.806831,5265428422.188208,5758215301.019656,4394818320.545135,4957755367.978211,4312318979.838479,5371718301.874064,5392563535.186012,5135132709.090574,4394464616.65539,5058886722.122793,5511163575.029763,5421211341.02999,4386470249.513435,5120044635.666086,4994599951.720656,4831556839.339933,3922859863.906953,4193074442.9400764,4508782813.997613,4619567611.3961735,4324908059.572651,5169339178.658737,4959253524.674112,4543523108.220875,4608337062.386497,4415116319.611472,4949004567.738908,4611303851.740777,5238619882.347817,4377921455.8587885,4416000624.988754,4854336327.770084,4552884081.462947,4702585511.539192,4309358500.086594,4215142926.463278,4525623865.219625,4984084606.894165,4841480076.054402,4946925768.313009,5599795479.123728,4646859517.334715,4897269222.52644,4698367891.220101,4738883952.871177,5264994838.182709
2045,5246490989.36795,4372138611.558984,4505011752.030265,4631671008.574085,5394249553.85491,5314839962.370913,4851338874.196893,4246797785.4978056,5144543730.172632,4906688371.932289,5779203140.8128605,5094511100.455684,4305216295.03606,5185466984.722672,5422514078.627896,4908483801.5342865,4409590051.192646,5049150060.803903,4400637307.6297,4821579665.822145,5141704600.915037,5538952891.28365,4549726598.639658,4908803340.382973,5330211610.705946,5251520740.381771,5262122385.454256,4938394827.192358,5046050011.609655,5002698238.089856,4216700877.204074,4877620730.176838,4571205057.347883,4484303264.913162,5267870917.783979,4731051462.327871,5107596873.688375,4196645697.5583935,5404686288.084646,5064499813.2829895,4688175762.575799,4164174843.6594033,4141895327.1744337,4463116127.048445,5286749081.38944,5197027255.521874,5141044051.334041,5114498118.946629,5398093535.32918,4733976526.488553,4479635657.724551,4833331407.626903,4536789644.111832,4938038400.911771,5337833903.321527,5781518066.769406,4367948782.950238,4974018159.707863,4195615213.479354,5382650913.756762,5438333904.90619,5164060098.689272,4367748371.316299,5034265860.36264,5585948079.833466,5435501305.025926,4275681729.0037537,5227889316.994527,4972030274.931562,4795058123.484734,3848226345.794032,4139087406.5400662,4527770518.731146,4560899831.269722,4276912968.70942,5182135785.219439,4996262378.288844,4543812583.075247,4636610184.676182,4327251252.629765,5012398639.953407,4504608272.048139,5308119671.202731,4359787836.041355,4429708519.845722,4934661687.955056,4536828511.519468,4657363555.518602,4256271512.9323406,4182969202.841595,4479335186.273478,4965818909.841984,4767034659.790992,5028316005.085424,5596410870.891487,4664090628.508765,4929717310.343902,4622484105.950038,4713565157.574593,5250447162.612751
2046,5285863885.319262,4297849019.588389,4499788922.112528,4566953415.2026,5408407231.030029,5385179941.948534,4786089983.472341,4197130306.2462544,5218740412.902191,4922426858.153698,5798500847.973441,5029701682.380598,4159937922.467806,5229160081.640023,5500177188.094595,4911833688.155608,4289715599.4013987,5038540776.64326,4351189978.045792,4825098380.439274,5186234808.734717,5606145276.826109,4452075558.707298,4883926019.331142,5437731977.050787,5306896293.542469,5244465352.246398,4909742804.447224,5041100976.121541,5061588789.436688,4174554505.2448173,4827867676.667384,4478031524.286252,4432273787.865762,5222852715.522979,4659576204.42662,5127898805.716614,4110604650.9422436,5401305259.523412,5129202640.449098,4706059298.594245,4130147112.7774434,4030312951.427275,4387205376.636244,5281462689.676482,5276710013.379673,5190818438.595591,5089617317.1671095,5410304145.072066,4666078574.190006,4346217869.502007,4825076026.922109,4412015169.617668,4978748589.342629,5407108030.661866,5811411391.603987,4342703995.921591,4984577730.635103,4074634134.75142,5402359203.133088,5466478943.918121,5176331917.050371,4334530506.302393,5007650412.954214,5665805746.123953,5460728662.771421,4155439879.1019573,5346591921.840251,4948869829.315608,4769951995.118671,3783066538.392072,4068607934.7468696,4541979133.506927,4478009802.916677,4224442563.0560884,5191802816.838799,5038442962.814763,4556115553.902535,4670156890.779407,4225572070.436862,5070094926.188199,4395015256.39792,5378588169.637547,4326715707.119568,4440833838.099118,5010401383.37797,4524433952.44561,4606383508.24439,4196043895.7202225,4137775526.780222,4422770034.014828,4959466884.113616,4690976901.31002,5099651963.29162,5595662891.396029,4686326733.683068,4945389957.902173,4528756683.629626,4676455150.503018,5210877376.464967
2047,5313319114.5904,4209563801.797238,4499362067.069427,4488883743.730717,5430133634.259573,5446424098.958021,4717476948.168347,4150207707.4387417,5290616281.572205,4935335057.456741,5804646661.587428,4955746272.260277,3993967237.372307,5277656192.242937,5600463971.657438,4923530880.846008,4169363694.058878,5034719846.668779,4296893798.959862,4821612002.635891,5205619281.393225,5670771791.277131,4339307988.867579,4856375279.441626,5546095081.92559,5371163128.541659,5230475517.530269,4866925318.150362,5029466695.943201,5132204977.530576,4121488713.135971,4758968394.601961,4376279029.617903,4390275797.827819,5190565202.976327,4569192564.46097,5154508400.872631,4018112415.276585,5399395990.224624,5178947865.164371,4715760706.964796,4092886389.0137353,3908445792.599399,4301792994.323964,5265229229.204516,5365656799.258511,5243008814.797823,5061054074.554761,5421668025.621356,4606544498.53539,4206505032.9175763,4820011910.862798,4271982395.5992823,5022499543.36283,5472677036.072512,5845387161.854717,4307538704.418027,5004698555.769914,3945685250.517198,5425460910.479582,5490153675.838506,5188753263.797086,4302345041.980302,4973291451.154713,5730223483.18036,5491648279.462473,4033654546.7933097,5467572138.803525,4924731605.807434,4743324543.397711,3721587766.8269396,3988622574.937723,4558907769.637615,4382145040.714213,4165526042.290842,5196930445.26527,5061777660.962775,4555462604.057004,4709851365.944426,4110226942.428524,5134747491.895352,4271998184.3919396,5460753631.714904,4287211445.570122,4462074053.746249,5094789964.044077,4498744609.110512,4530886873.546724,4132827388.2081285,4100027138.572379,4363423812.109568,4935235577.677902,4595856232.2599,5186035297.054632,5594633380.188067,4707074691.11224,4982388360.216801,4432904819.318352,4642152794.957848,5166713575.147806
2048,5353307575.443874,4119348993.816035,4506077954.373333,4406003031.5069065,5434485545.651414,5513835366.234307,4633219524.453799,4101614167.1302667,5365162209.419301,4954608854.308077,5814911672.848805,4874538989.56332,3810691356.746356,5304739178.79218,5687717588.977353,4934841642.796138,4043199724.709419,5031824267.906137,4237078667.6829886,4828820720.732084,5229553059.674869,5735803512.320511,4214938608.8454647,4819523779.747273,5643818879.113131,5441878228.330028,5219233744.409603,4823559248.097098,5006355102.996908,5205422233.711552,4065369886.2737894,4693985602.4708605,4271678937.491355,4336649123.478929,5131988245.181214,4470885143.335249,5178407446.678647,3916235739.778599,5410858900.674742,5239746016.197972,4729639747.961394,4041459236.4818563,3783328553.98819,4205940373.3535023,5224680684.156569,5455458893.3821,5306946637.225336,5018354068.419786,5435441687.952524,4534041349.985679,4060611855.768348,4810538644.942257,4109374586.6969023,5064574236.4790945,5519114919.386152,5863524611.933709,4277029509.6347847,5023729983.848034,3814405427.51329,5443679036.764124,5537525374.001688,5187302644.3211155,4270979215.108987,4933753146.988984,5790393687.810377,5515852309.127332,3900535814.51479,5593695088.486728,4886375433.055222,4709321281.757814,3655913655.2608747,3899338796.307243,4582371193.506391,4270131098.890687,4106227860.0617156,5214035515.933138,5097931551.947792,4564866932.848735,4740214115.1126,3978030236.4915195,5217229528.300239,4143462094.2457156,5544216569.836137,4247296469.245066,4474081227.533863,5166225147.610331,4474781923.081674,4461491726.506995,4056826986.0036516,4052411201.5672975,4287030457.7235975,4917950309.519722,4496891903.590726,5251499029.079719,5608437399.98951,4727136723.575737,5008657571.929899,4318149354.66112,4601964140.085862,5123948359.670038
2049,5376421007.518988,4018199327.9702816,4511424037.263346,4312984070.373609,5442121960.66353,5579868352.671627,4543851853.666255,4058185818.969154,5435697396.435822,4961058068.029609,5840178133.873141,4787854006.249697,3609772945.6495256,5328401611.632266,5792106085.148649,4948294700.985397,3924039230.9659443,5017231549.854449,4162369363.574383,4850808643.997826,5232953901.952615,5797657935.184444,4078382193.0791836,4779466537.787648,5740253537.96716,5505824288.119963,5198739090.779306,4761893501.424662,4984182998.973037,5276352183.4013605,4007387237.4183908,4617603584.3941765,4143566654.039827,4293973169.3247027,5073926221.319679,4355771901.832748,5209968440.03126,3800707913.00433,5424223961.506823,5306806873.128626,4747016327.196172,3982810237.713111,3649500206.3963156,4101243795.842169,5176029019.529041,5531828262.680897,5354427038.032029,4977372751.875064,5447041098.098478,4451082724.474687,3911054389.359559,4798120002.137887,3929603205.0111895,5105333302.983477,5585150162.539349,5896534241.431642,4243997083.7232475,5048799020.24696,3684065549.92647,5469222787.17975,5578151534.34266,5185420654.475085,4239599693.6177816,4893812397.723917,5842483897.36739,5544825780.361953,3743679598.698235,5664605414.488748,4858184843.491554,4666990982.980375,3596219794.342067,3798993702.272031,4598400836.2921505,4132494614.4969277,4040730614.6408796,5219314694.517512,5135281686.216688,4573911912.482544,4790178881.551252,3836848278.658317,5298598158.733562,4008772045.144606,5615204049.936691,4189142984.663785,4489454431.345924,5234459257.926754,4448647011.180854,4367506919.158419,3982598162.666166,4010828044.1790853,4202434956.4169664,4898314416.323258,4401356775.556926,5320220466.240553,5634971061.362286,4757474827.064773,5048438319.92792,4191516074.597105,4560228063.098766,5067499332.457778
2050,5404423814.026587,3912559578.723786,4522775854.895137,4211695664.7338715,5431256342.66874,5658940248.333099,4444677638.52867,4020628297.4204516,5516402174.346801,4959728045.681848,5835443074.929189,4695481071.776735,3398070489.4073033,5357236135.023924,5882709898.105801,4939775052.5531645,3798006079.2600894,5014703003.347664,4090667602.662648,4878857284.004064,5240477034.12187,5846305477.0238285,3926656931.1029406,4729432601.828333,5839523371.527252,5584700496.290792,5179288286.658649,4693306474.971406,4954332951.003939,5345867561.415247,3934770104.4705596,4538915176.892562,4010787797.663035,4242159087.5907288,5006735915.781796,4229245222.5765047,5246130982.330416,3681606567.3876433,5438648027.435125,5391618040.950747,4772363272.052404,3911332950.3272676,3500416491.0680766,3989688588.124072,5102135831.694294,5623834786.989566,5424194944.125796,4930365777.329838,5469651042.770282,4365681190.474659,3758908050.880537,4797890150.358641,3731942013.7216763,5153245002.854492,5644855264.583019,5919950995.628309,4202733614.2139215,5084127334.906253,3550050621.0713124,5491701392.502002,5613902419.976736,5168361269.369031,4201960167.120516,4820582099.362579,5879526195.226884,5574192935.345583,3584084483.2776318,5753692845.794614,4805714219.918724,4625823627.151034,3551889342.61148,3683626813.5961013,4609148113.471488,3968955127.4583855,3964948532.9194283,5222870257.250619,5170192690.43388,4589797142.236075,4837103240.902468,3673570227.4590406,5385721690.960656,3864231902.539195,5686371451.167292,4121889037.43279,4500341421.883983,5303100211.429279,4424346499.580357,4264878061.8118734,3902553127.3098683,3960574775.769868,4102440771.3833065,4887194680.758119,4285360096.5505357,5393741666.758256,5651208234.278355,4782627032.958521,5090111260.133657,4056690704.804955,4514661261.940644,5004970298.939236
